{
  "method": "PSO",
  "occlusion": "well",
  "params": {
    "planner": "PSO",
    "trial": 0,
    "seed": null
  },
  "num_iters": 5,
  "coverages": [
    0.0,
    0.0,
    2.97,
    10.97,
    10.97,
    13.92
  ],
  "f1_scores": [
    0.0,
    0.0111,
    0.2851,
    0.678,
    0.678,
    0.782
  ],
  "recalls": [
    0.0,
    0.0056,
    0.1736,
    0.5416,
    0.5416,
    0.6614
  ],
  "precisions": [
    0.0,
    1.0,
    0.7982,
    0.9061,
    0.9061,
    0.9564
  ],
  "distances": [
    0.0,
    0.1954,
    0.2617,
    0.4173,
    0.7861,
    1.1495
  ],
  "times": [
    0.0,
    8.3,
    24.2,
    41.1,
    59.2,
    76.5
  ],
  "ray_tracing_calls": [
    0,
    0,
    0,
    0,
    0,
    0
  ],
  "final_coverage": 13.92,
  "final_f1": 0.782,
  "final_distance": 1.1495,
  "total_time": 76.5,
  "total_ray_calls": 0,
  "visibility_efficiency": 13.9,
  "coverage_auc": 6.38,
  "hausdorff_distance": 0.082399,
  "chamfer_distance": 0.016306,
  "coverage_efficiency": 12.11,
  "stagnation_count": 2,
  "first_detection_iter": 2,
  "views_to_threshold": {
    "views_to_25pct": null,
    "views_to_50pct": null,
    "views_to_75pct": null
  },
  "views_to_f1_threshold": 2,
  "coverage_at_key_iters": {
    "0": 0.0,
    "3": 10.97,
    "6": 13.92,
    "9": 13.92,
    "5": 13.92
  },
  "tp_series": [
    0,
    2,
    530,
    1187,
    1187,
    2697
  ],
  "fp_series": [
    0,
    0,
    134,
    123,
    123,
    123
  ],
  "fn_series": [
    0,
    18109,
    15050,
    8348,
    8348,
    6167
  ],
  "sigma_series": [
    0.0,
    0.0015000104904174805,
    0.029328908771276474,
    0.04280393570661545,
    0.04280393570661545,
    0.04573375731706619
  ],
  "occluded_recall_series": [
    0.0,
    0.0,
    0.01834402007248397,
    0.0520490660719264,
    0.0520490660719264,
    0.1988848620016727
  ]
}