{
  "method": "RH-NBV",
  "occlusion": "well",
  "params": {
    "horizon": 3,
    "num_candidates": 10,
    "lambda_cost": 2.0,
    "discount": 0.85,
    "step_size": 0.065,
    "use_spherical_bounds": true,
    "occlusion_bonus": 0.0,
    "trial": 0,
    "seed": 42
  },
  "num_iters": 20,
  "coverages": [
    0.0,
    0.0,
    2.05,
    20.44,
    33.48,
    36.12,
    36.75,
    36.75,
    36.98,
    37.49,
    38.19,
    38.72,
    39.34,
    39.64,
    39.97,
    44.31,
    44.65,
    44.92,
    45.13,
    45.25,
    45.5
  ],
  "f1_scores": [
    0.0,
    0.0,
    0.0,
    0.1919,
    0.272,
    0.2628,
    0.2694,
    0.2692,
    0.2692,
    0.27,
    0.3015,
    0.3111,
    0.33,
    0.3352,
    0.3516,
    0.4057,
    0.4047,
    0.3935,
    0.4117,
    0.4067,
    0.4332
  ],
  "recalls": [
    0.0,
    0.0,
    0.0,
    0.1061,
    0.1574,
    0.1513,
    0.1557,
    0.1555,
    0.1555,
    0.1561,
    0.1775,
    0.1842,
    0.1976,
    0.2014,
    0.2133,
    0.2545,
    0.2546,
    0.2458,
    0.2601,
    0.2558,
    0.277
  ],
  "precisions": [
    0.0,
    0.0,
    0.0,
    1.0,
    1.0,
    1.0,
    1.0,
    1.0,
    1.0,
    1.0,
    1.0,
    1.0,
    1.0,
    1.0,
    1.0,
    1.0,
    0.986,
    0.9859,
    0.9877,
    0.9923,
    0.9927
  ],
  "distances": [
    0.0,
    0.0242,
    0.208,
    0.2607,
    0.307,
    0.4138,
    0.4593,
    0.4708,
    0.5059,
    0.5339,
    0.8993,
    1.0927,
    1.1296,
    1.1475,
    1.1987,
    1.4832,
    1.4832,
    1.4832,
    1.5225,
    1.5444,
    1.807
  ],
  "times": [
    0.4,
    627.2,
    1268.9,
    1898.1,
    2548.2,
    3233.1,
    3912.1,
    4513.4,
    5115.7,
    5727.3,
    6299.3,
    6922.2,
    7559.0,
    8183.9,
    8818.2,
    9429.0,
    10028.6,
    10628.1,
    11212.6,
    11809.4,
    12407.9
  ],
  "ray_tracing_calls": [
    0,
    30,
    60,
    90,
    120,
    150,
    180,
    210,
    240,
    270,
    300,
    330,
    360,
    390,
    420,
    450,
    480,
    510,
    540,
    570,
    600
  ],
  "final_coverage": 45.5,
  "final_f1": 0.4332,
  "final_distance": 1.807,
  "total_time": 12407.9,
  "total_ray_calls": 600,
  "visibility_efficiency": 45.5,
  "coverage_auc": 34.15,
  "hausdorff_distance": 0.091589,
  "chamfer_distance": 0.01997,
  "coverage_efficiency": 25.18,
  "stagnation_count": 2,
  "first_detection_iter": 2,
  "views_to_threshold": {
    "views_to_25pct": 4,
    "views_to_50pct": null,
    "views_to_75pct": null
  },
  "views_to_f1_threshold": 3,
  "coverage_at_key_iters": {
    "0": 0.0,
    "3": 20.44,
    "6": 36.75,
    "9": 37.49,
    "12": 39.34
  },
  "sigma_series": [
    0.0,
    0.0,
    0.0,
    0.018846122547984123,
    0.024638598784804344,
    0.023306872695684433,
    0.02333259768784046,
    0.023902395740151405,
    0.022352594882249832,
    0.022399751469492912,
    0.024368392303586006,
    0.02853572554886341,
    0.031127091497182846,
    0.03328167647123337,
    0.040679510682821274,
    0.04005042463541031,
    0.037505291402339935,
    0.0377306267619133,
    0.037262678146362305,
    0.036719322204589844,
    0.04214900732040405
  ],
  "occluded_recall_series": [
    0.0,
    0.0,
    0.0,
    0.004812640832336496,
    0.01254624864383676,
    0.013046985840264834,
    0.013380810637883551,
    0.0143822850307397,
    0.015161209558516705,
    0.015161209558516705,
    0.03947478231841322,
    0.050518819372965755,
    0.05224358082732913,
    0.05324505522018527,
    0.054190892146771634,
    0.07099340696024703,
    0.07285726208028487,
    0.07444292986897377,
    0.08379002420229782,
    0.08479149859515397,
    0.09583553564970651
  ],
  "tp_series": [
    0,
    0,
    0,
    117,
    271,
    220,
    236,
    303,
    243,
    333,
    339,
    349,
    355,
    360,
    378,
    456,
    493,
    490,
    563,
    517,
    544
  ],
  "fp_series": [
    0,
    0,
    0,
    0,
    0,
    0,
    0,
    0,
    0,
    0,
    0,
    0,
    0,
    0,
    0,
    0,
    7,
    7,
    7,
    4,
    4
  ],
  "fn_series": [
    0,
    0,
    0,
    16278,
    15344,
    15456,
    15376,
    15379,
    15379,
    15369,
    14979,
    14856,
    14613,
    14544,
    14326,
    13577,
    13574,
    13735,
    13475,
    13553,
    13166
  ]
}