{
  "method": "RH-NBV",
  "occlusion": "half_box",
  "params": {
    "horizon": 3,
    "num_candidates": 10,
    "lambda_cost": 2.0,
    "discount": 0.85,
    "step_size": 0.12,
    "use_spherical_bounds": true,
    "trial": 0,
    "seed": 42
  },
  "num_iters": 5,
  "coverages": [
    0.0,
    59.47,
    70.22,
    71.71,
    73.48,
    73.6
  ],
  "f1_scores": [
    0.0,
    0.7846,
    0.7919,
    0.8396,
    0.8505,
    0.8509
  ],
  "recalls": [
    0.0,
    0.6476,
    0.669,
    0.7375,
    0.7532,
    0.7528
  ],
  "precisions": [
    0.0,
    0.9952,
    0.9703,
    0.9745,
    0.9768,
    0.9783
  ],
  "distances": [
    0.0,
    0.0447,
    0.1528,
    0.1931,
    0.2605,
    0.3427
  ],
  "times": [
    0.4,
    665.8,
    1320.7,
    1969.0,
    2609.2,
    3226.8
  ],
  "ray_tracing_calls": [
    0,
    30,
    60,
    90,
    120,
    150
  ],
  "final_coverage": 73.6,
  "final_f1": 0.8509,
  "final_distance": 0.3427,
  "total_time": 3226.8,
  "total_ray_calls": 150,
  "visibility_efficiency": 73.6,
  "coverage_auc": 62.34,
  "hausdorff_distance": 0.08799,
  "chamfer_distance": 0.015269,
  "coverage_efficiency": 214.78,
  "stagnation_count": 0,
  "first_detection_iter": 1,
  "views_to_threshold": {
    "views_to_25pct": 1,
    "views_to_50pct": 1,
    "views_to_75pct": null
  },
  "views_to_f1_threshold": 1,
  "coverage_at_key_iters": {
    "0": 0.0,
    "3": 71.71,
    "6": 73.6,
    "9": 73.6,
    "5": 73.6
  },
  "sigma_series": [
    0.0,
    0.052273426204919815,
    0.05018247663974762,
    0.04624772444367409,
    0.046830914914608,
    0.0495496541261673
  ],
  "occluded_recall_series": [
    0.0,
    0.0,
    0.04694145109199629,
    0.08297892750935311,
    0.0892463147123717,
    0.09317941994691907
  ],
  "tp_series": [
    0,
    1854,
    2318,
    2677,
    2942,
    3157
  ],
  "fp_series": [
    0,
    9,
    71,
    70,
    70,
    70
  ],
  "fn_series": [
    0,
    6417,
    6028,
    4781,
    4495,
    4501
  ]
}