{
  "method": "RH-NBV",
  "occlusion": "none",
  "params": {
    "horizon": 3,
    "num_candidates": 10,
    "lambda_cost": 2.0,
    "discount": 0.85,
    "step_size": 0.065,
    "use_spherical_bounds": false,
    "occlusion_bonus": 0.0,
    "trial": 0,
    "seed": 42
  },
  "num_iters": 5,
  "coverages": [
    0.0,
    67.98,
    69.4,
    73.97,
    75.56,
    75.91
  ],
  "f1_scores": [
    0.0,
    0.6273,
    0.5341,
    0.2995,
    0.3927,
    0.3778
  ],
  "recalls": [
    0.0,
    0.4581,
    0.3651,
    0.2004,
    0.2898,
    0.2778
  ],
  "precisions": [
    0.0,
    0.9943,
    0.9942,
    0.5929,
    0.6085,
    0.5901
  ],
  "distances": [
    0.0,
    0.2081,
    0.258,
    0.3387,
    0.3755,
    0.6625
  ],
  "times": [
    0.3,
    494.5,
    945.8,
    1404.6,
    1863.6,
    2324.7
  ],
  "ray_tracing_calls": [
    0,
    30,
    60,
    90,
    120,
    150
  ],
  "final_coverage": 75.91,
  "final_f1": 0.3778,
  "final_distance": 0.6625,
  "total_time": 2324.7,
  "total_ray_calls": 150,
  "visibility_efficiency": 75.9,
  "coverage_auc": 64.97,
  "hausdorff_distance": 0.107617,
  "chamfer_distance": 0.036303,
  "coverage_efficiency": 114.58,
  "stagnation_count": 0,
  "first_detection_iter": 1,
  "views_to_threshold": {
    "views_to_25pct": 1,
    "views_to_50pct": 1,
    "views_to_75pct": 4
  },
  "views_to_f1_threshold": 1,
  "coverage_at_key_iters": {
    "0": 0.0,
    "3": 73.97,
    "6": 75.91,
    "9": 75.91,
    "5": 75.91
  },
  "sigma_series": [
    0.0,
    0.018039343878626823,
    0.017951346933841705,
    0.018566535785794258,
    0.019103972241282463,
    0.018948961049318314
  ],
  "occluded_recall_series": [
    0.0,
    0.0,
    0.0056321029870260485,
    0.04901270575614335,
    0.05662274967313688,
    0.07351905863421503
  ],
  "tp_series": [
    0,
    174,
    172,
    134,
    157,
    131
  ],
  "fp_series": [
    0,
    1,
    1,
    92,
    101,
    91
  ],
  "fn_series": [
    0,
    1217,
    1426,
    1796,
    1595,
    1622
  ]
}