{
  "method": "GradientNBV",
  "occlusion": "well",
  "params": {
    "planner": "GradientNBV",
    "lr": 0.03,
    "trial": 0
  },
  "num_iters": 20,
  "coverages": [
    0.0,
    0.0,
    0.89,
    0.89,
    0.89,
    0.89,
    0.89,
    0.89,
    0.89,
    0.89,
    0.89,
    0.89,
    0.89,
    0.89,
    0.89,
    0.89,
    0.91,
    1.0,
    1.26,
    1.4,
    1.93
  ],
  "f1_scores": [
    0.0,
    0.0,
    0.0,
    0.0,
    0.0,
    0.0,
    0.0,
    0.0,
    0.0,
    0.0,
    0.0,
    0.0,
    0.0,
    0.0,
    0.0,
    0.0,
    0.0,
    0.0,
    0.0302,
    0.0271,
    0.1099
  ],
  "recalls": [
    0.0,
    0,
    0,
    0,
    0,
    0,
    0,
    0,
    0,
    0,
    0,
    0,
    0,
    0,
    0,
    0,
    0,
    0,
    0.0153,
    0.0137,
    0.0582
  ],
  "precisions": [
    0.0,
    0,
    0,
    0,
    0,
    0,
    0,
    0,
    0,
    0,
    0,
    0,
    0,
    0,
    0,
    0,
    0,
    0,
    1.0,
    1.0,
    1.0
  ],
  "distances": [
    0.0,
    0.0519,
    0.0844,
    0.117,
    0.1437,
    0.1663,
    0.1858,
    0.2028,
    0.2178,
    0.2369,
    0.2539,
    0.2773,
    0.2982,
    0.3236,
    0.3433,
    0.3615,
    0.3889,
    0.4139,
    0.4363,
    0.4519,
    0.4664
  ],
  "times": [
    0.0,
    33.5,
    71.9,
    109.5,
    144.6,
    181.9,
    220.9,
    257.5,
    294.4,
    330.9,
    365.0,
    399.4,
    435.0,
    469.8,
    504.7,
    539.5,
    575.0,
    611.3,
    646.7,
    683.2,
    722.6
  ],
  "ray_tracing_calls": [
    0,
    1,
    2,
    3,
    4,
    5,
    6,
    7,
    8,
    9,
    10,
    11,
    12,
    13,
    14,
    15,
    16,
    17,
    18,
    19,
    20
  ],
  "final_coverage": 1.93,
  "final_f1": 0.1099,
  "final_distance": 0.4664,
  "total_time": 722.6,
  "total_ray_calls": 20,
  "visibility_efficiency": 1.9,
  "coverage_auc": 0.9,
  "hausdorff_distance": 0.180161,
  "chamfer_distance": 0.036594,
  "coverage_efficiency": 4.13,
  "stagnation_count": 14,
  "first_detection_iter": 2,
  "views_to_threshold": {
    "views_to_25pct": null,
    "views_to_50pct": null,
    "views_to_75pct": null
  },
  "views_to_f1_threshold": 20,
  "coverage_at_key_iters": {
    "0": 0.0,
    "3": 0.89,
    "6": 0.89,
    "9": 0.89,
    "12": 0.89
  },
  "tp_series": [
    0,
    0,
    0,
    0,
    0,
    0,
    0,
    0,
    0,
    0,
    0,
    0,
    0,
    0,
    0,
    0,
    0,
    0,
    4,
    2,
    36
  ],
  "fp_series": [
    0,
    0,
    0,
    0,
    0,
    0,
    0,
    0,
    0,
    0,
    0,
    0,
    0,
    0,
    0,
    0,
    0,
    0,
    0,
    0,
    0
  ],
  "fn_series": [
    0,
    0,
    0,
    0,
    0,
    0,
    0,
    0,
    0,
    0,
    0,
    0,
    0,
    0,
    0,
    0,
    0,
    0,
    17932,
    17961,
    17152
  ]
}