{
  "method": "RH-NBV",
  "occlusion": "well",
  "params": {
    "horizon": 3,
    "num_candidates": 10,
    "lambda_cost": 2.0,
    "discount": 0.85,
    "step_size": 0.12,
    "use_spherical_bounds": true,
    "trial": 0,
    "seed": 42
  },
  "num_iters": 5,
  "coverages": [
    0.0,
    0.02,
    0.74,
    31.31,
    32.72,
    37.24
  ],
  "f1_scores": [
    0.0,
    0.0,
    0.0,
    0.272,
    0.3823,
    0.3896
  ],
  "recalls": [
    0.0,
    0.0,
    0.0,
    0.1574,
    0.2363,
    0.2419
  ],
  "precisions": [
    0.0,
    0.0,
    0.0,
    1.0,
    1.0,
    1.0
  ],
  "distances": [
    0.0,
    0.0447,
    0.2278,
    0.3075,
    0.664,
    0.9546
  ],
  "times": [
    0.4,
    608.4,
    1229.6,
    1848.8,
    2447.2,
    3059.6
  ],
  "ray_tracing_calls": [
    0,
    30,
    60,
    90,
    120,
    150
  ],
  "final_coverage": 37.24,
  "final_f1": 0.3896,
  "final_distance": 0.9546,
  "total_time": 3059.6,
  "total_ray_calls": 150,
  "visibility_efficiency": 37.2,
  "coverage_auc": 16.68,
  "hausdorff_distance": 0.094674,
  "chamfer_distance": 0.021675,
  "coverage_efficiency": 39.01,
  "stagnation_count": 0,
  "first_detection_iter": 2,
  "views_to_threshold": {
    "views_to_25pct": 3,
    "views_to_50pct": null,
    "views_to_75pct": null
  },
  "views_to_f1_threshold": 3,
  "coverage_at_key_iters": {
    "0": 0.0,
    "3": 31.31,
    "6": 37.24,
    "9": 37.24,
    "5": 37.24
  },
  "sigma_series": [
    0.0,
    0.0,
    0.0,
    0.02339671552181244,
    0.06791307032108307,
    0.06186594069004059
  ],
  "occluded_recall_series": [
    0.0,
    0.0,
    0.0,
    0.007538876679556013,
    0.045900909672573514,
    0.04748657746126241
  ],
  "tp_series": [
    0,
    0,
    0,
    177,
    268,
    314
  ],
  "fp_series": [
    0,
    0,
    0,
    0,
    0,
    0
  ],
  "fn_series": [
    0,
    0,
    0,
    15345,
    13907,
    13805
  ]
}