{
  "method": "GradientNBV",
  "occlusion": "none",
  "params": {
    "planner": "GradientNBV",
    "lr": 0.03,
    "trial": 0
  },
  "num_iters": 5,
  "coverages": [
    0.0,
    52.94,
    61.16,
    63.45,
    64.65,
    65.11
  ],
  "f1_scores": [
    0.0,
    0.7666,
    0.7908,
    0.7872,
    0.7867,
    0.7762
  ],
  "recalls": [
    0.0,
    0.6225,
    0.6544,
    0.6496,
    0.6488,
    0.6347
  ],
  "precisions": [
    0.0,
    0.9974,
    0.9989,
    0.9988,
    0.9991,
    0.9989
  ],
  "distances": [
    0.0,
    0.0519,
    0.0774,
    0.1037,
    0.1298,
    0.1528
  ],
  "times": [
    0.0,
    46.3,
    96.9,
    150.5,
    202.3,
    258.6
  ],
  "ray_tracing_calls": [
    0,
    1,
    2,
    3,
    4,
    5
  ],
  "final_coverage": 65.11,
  "final_f1": 0.7762,
  "final_distance": 0.1528,
  "total_time": 258.6,
  "total_ray_calls": 5,
  "visibility_efficiency": 65.1,
  "coverage_auc": 54.95,
  "hausdorff_distance": 0.087711,
  "chamfer_distance": 0.016029,
  "coverage_efficiency": 426.22,
  "stagnation_count": 0,
  "first_detection_iter": 1,
  "views_to_threshold": {
    "views_to_25pct": 1,
    "views_to_50pct": 1,
    "views_to_75pct": null
  },
  "views_to_f1_threshold": 1,
  "coverage_at_key_iters": {
    "0": 0.0,
    "3": 63.45,
    "6": 65.11,
    "9": 65.11,
    "5": 65.11
  },
  "tp_series": [
    0,
    1951,
    2757,
    2479,
    3421,
    2624
  ],
  "fp_series": [
    0,
    5,
    3,
    3,
    3,
    3
  ],
  "fn_series": [
    0,
    6875,
    6294,
    6381,
    6396,
    6653
  ]
}