{
  "method": "GradientNBV",
  "occlusion": "easy",
  "params": {
    "planner": "GradientNBV",
    "lr": 0.03,
    "trial": 0
  },
  "num_iters": 5,
  "coverages": [
    0.0,
    3.78,
    15.67,
    21.42,
    24.34,
    26.51
  ],
  "f1_scores": [
    0.0,
    0.0223,
    0.1627,
    0.239,
    0.2726,
    0.2938
  ],
  "recalls": [
    0.0,
    0.0113,
    0.0886,
    0.1357,
    0.1578,
    0.1722
  ],
  "precisions": [
    0.0,
    1.0,
    1.0,
    1.0,
    1.0,
    1.0
  ],
  "distances": [
    0.0,
    0.0519,
    0.0909,
    0.1209,
    0.1455,
    0.1662
  ],
  "times": [
    0.0,
    48.3,
    104.3,
    155.5,
    210.0,
    262.3
  ],
  "ray_tracing_calls": [
    0,
    1,
    2,
    3,
    4,
    5
  ],
  "final_coverage": 26.51,
  "final_f1": 0.2938,
  "final_distance": 0.1662,
  "total_time": 262.3,
  "total_ray_calls": 5,
  "visibility_efficiency": 26.5,
  "coverage_auc": 15.69,
  "hausdorff_distance": 0.165723,
  "chamfer_distance": 0.042093,
  "coverage_efficiency": 159.53,
  "stagnation_count": 0,
  "first_detection_iter": 1,
  "views_to_threshold": {
    "views_to_25pct": 5,
    "views_to_50pct": null,
    "views_to_75pct": null
  },
  "views_to_f1_threshold": 2,
  "coverage_at_key_iters": {
    "0": 0.0,
    "3": 21.42,
    "6": 26.51,
    "9": 26.51,
    "5": 26.51
  },
  "tp_series": [
    0,
    2,
    74,
    172,
    311,
    396
  ],
  "fp_series": [
    0,
    0,
    0,
    0,
    0,
    0
  ],
  "fn_series": [
    0,
    18006,
    16598,
    15739,
    15337,
    15075
  ]
}