{
  "method": "RH-NBV",
  "occlusion": "none",
  "params": {
    "horizon": 3,
    "num_candidates": 10,
    "lambda_cost": 2.0,
    "discount": 0.85,
    "step_size": 0.12,
    "use_spherical_bounds": true,
    "trial": 0,
    "seed": 42
  },
  "num_iters": 5,
  "coverages": [
    0.0,
    51.46,
    68.4,
    70.96,
    72.32,
    72.48
  ],
  "f1_scores": [
    0.0,
    0.7708,
    0.7899,
    0.8329,
    0.8602,
    0.8495
  ],
  "recalls": [
    0.0,
    0.6302,
    0.6654,
    0.7269,
    0.7675,
    0.7496
  ],
  "precisions": [
    0.0,
    0.9921,
    0.9715,
    0.975,
    0.9783,
    0.98
  ],
  "distances": [
    0.0,
    0.0447,
    0.1528,
    0.1931,
    0.2605,
    0.3427
  ],
  "times": [
    0.6,
    585.7,
    1047.8,
    1502.3,
    1962.8,
    2408.7
  ],
  "ray_tracing_calls": [
    0,
    30,
    60,
    90,
    120,
    150
  ],
  "final_coverage": 72.48,
  "final_f1": 0.8495,
  "final_distance": 0.3427,
  "total_time": 2408.7,
  "total_ray_calls": 150,
  "visibility_efficiency": 72.5,
  "coverage_auc": 59.88,
  "hausdorff_distance": 0.08799,
  "chamfer_distance": 0.01543,
  "coverage_efficiency": 211.5,
  "stagnation_count": 0,
  "first_detection_iter": 1,
  "views_to_threshold": {
    "views_to_25pct": 1,
    "views_to_50pct": 1,
    "views_to_75pct": null
  },
  "views_to_f1_threshold": 1,
  "coverage_at_key_iters": {
    "0": 0.0,
    "3": 70.96,
    "6": 72.48,
    "9": 72.48,
    "5": 72.48
  },
  "sigma_series": [
    0.0,
    0.05228374898433685,
    0.05027782917022705,
    0.04670285806059837,
    0.047146864235401154,
    0.04967623949050903
  ],
  "occluded_recall_series": [
    0.0,
    0.0,
    0.045095468065372436,
    0.08034029487958551,
    0.0884318930501807,
    0.09265359644353471
  ],
  "tp_series": [
    0,
    1892,
    2321,
    2576,
    2970,
    3241
  ],
  "fp_series": [
    0,
    15,
    68,
    66,
    66,
    66
  ],
  "fn_series": [
    0,
    6735,
    6093,
    4974,
    4234,
    4560
  ]
}