{
  "method": "RH-NBV",
  "occlusion": "complex3",
  "params": {
    "horizon": 3,
    "num_candidates": 10,
    "lambda_cost": 2.0,
    "discount": 0.85,
    "step_size": 0.12,
    "trial": 0,
    "seed": 42
  },
  "num_iters": 5,
  "coverages": [
    0.0,
    2.14,
    25.43,
    28.92,
    30.32,
    30.7
  ],
  "f1_scores": [
    0.0,
    0.0,
    0.0,
    0.0,
    0.0,
    0.0
  ],
  "recalls": [
    0.0,
    0.0,
    0.0,
    0.0,
    0.0,
    0.0
  ],
  "precisions": [
    0.0,
    0.0,
    0.0,
    0.0,
    0.0,
    0.0
  ],
  "distances": [
    0.0,
    0.0447,
    0.2278,
    0.3075,
    0.381,
    0.4502
  ],
  "times": [
    0.3,
    558.5,
    1139.9,
    1749.8,
    2362.1,
    2976.4
  ],
  "ray_tracing_calls": [
    0,
    30,
    60,
    90,
    120,
    150
  ],
  "final_coverage": 30.7,
  "final_f1": 0.0,
  "final_distance": 0.4502,
  "total_time": 2976.4,
  "total_ray_calls": 150,
  "visibility_efficiency": 30.7,
  "coverage_auc": 20.43,
  "hausdorff_distance": 0.11899,
  "chamfer_distance": 0.037511,
  "coverage_efficiency": 68.19,
  "stagnation_count": 0,
  "first_detection_iter": 1,
  "views_to_threshold": {
    "views_to_25pct": 2,
    "views_to_50pct": null,
    "views_to_75pct": null
  },
  "views_to_f1_threshold": null,
  "coverage_at_key_iters": {
    "0": 0.0,
    "3": 28.92,
    "6": 30.7,
    "9": 30.7,
    "5": 30.7
  },
  "sigma_series": [
    0.0,
    0.0,
    0.015519894659519196,
    0.015714924782514572,
    0.015841029584407806,
    0.015841029584407806
  ],
  "occluded_recall_series": [
    0.0,
    0.0,
    0.06128466909616936,
    0.0870726347122152,
    0.09739338470526052,
    0.12551812390463737
  ],
  "tp_series": [
    0,
    0,
    0,
    0,
    0,
    0
  ],
  "fp_series": [
    0,
    0,
    185,
    187,
    188,
    188
  ],
  "fn_series": [
    0,
    0,
    2246,
    2246,
    2246,
    2246
  ]
}