{
  "method": "RH-NBV",
  "occlusion": "well",
  "params": {
    "horizon": 3,
    "num_candidates": 10,
    "lambda_cost": 2.0,
    "discount": 0.85,
    "step_size": 0.065,
    "use_spherical_bounds": false,
    "occlusion_bonus": 0.0,
    "trial": 0,
    "seed": 42
  },
  "num_iters": 20,
  "coverages": [
    0.0,
    7.54,
    16.52,
    28.17,
    39.63,
    39.63,
    39.63,
    40.49,
    40.66,
    40.7,
    40.74,
    40.78,
    40.81,
    41.5,
    41.53,
    41.97,
    42.03,
    42.1,
    42.98,
    43.44,
    43.54
  ],
  "f1_scores": [
    0.0,
    0.099,
    0.1777,
    0.2592,
    0.3226,
    0.3226,
    0.3226,
    0.4028,
    0.3961,
    0.3966,
    0.3966,
    0.4033,
    0.4076,
    0.4088,
    0.4103,
    0.4054,
    0.4041,
    0.4108,
    0.4123,
    0.4142,
    0.4142
  ],
  "recalls": [
    0.0,
    0.0521,
    0.0975,
    0.1489,
    0.1923,
    0.1923,
    0.1923,
    0.2522,
    0.247,
    0.2473,
    0.2473,
    0.2526,
    0.256,
    0.2575,
    0.2586,
    0.255,
    0.2535,
    0.2586,
    0.2598,
    0.2613,
    0.2613
  ],
  "precisions": [
    0.0,
    1.0,
    1.0,
    1.0,
    1.0,
    1.0,
    1.0,
    1.0,
    1.0,
    1.0,
    1.0,
    1.0,
    1.0,
    0.9915,
    0.9925,
    0.9879,
    0.9954,
    0.9982,
    0.9982,
    0.9983,
    0.9983
  ],
  "distances": [
    0.0,
    0.2081,
    0.2337,
    0.3388,
    0.3756,
    0.6626,
    0.7242,
    0.7661,
    0.7824,
    0.7944,
    0.8021,
    0.8251,
    1.148,
    1.2227,
    1.2494,
    1.3063,
    1.3281,
    1.3493,
    1.6776,
    1.6927,
    1.7431
  ],
  "times": [
    0.4,
    663.4,
    1313.1,
    1803.7,
    2262.0,
    2697.2,
    3128.2,
    3557.3,
    3998.4,
    4632.4,
    5347.2,
    6037.3,
    6619.3,
    7122.7,
    7602.7,
    8092.8,
    8585.1,
    9074.0,
    9542.6,
    9988.4,
    10425.6
  ],
  "ray_tracing_calls": [
    0,
    30,
    60,
    90,
    120,
    150,
    180,
    210,
    240,
    270,
    300,
    330,
    360,
    390,
    420,
    450,
    480,
    510,
    540,
    570,
    600
  ],
  "final_coverage": 43.54,
  "final_f1": 0.4142,
  "final_distance": 1.7431,
  "total_time": 10425.6,
  "total_ray_calls": 600,
  "visibility_efficiency": 43.5,
  "coverage_auc": 36.63,
  "hausdorff_distance": 0.093786,
  "chamfer_distance": 0.02072,
  "coverage_efficiency": 24.98,
  "stagnation_count": 2,
  "first_detection_iter": 1,
  "views_to_threshold": {
    "views_to_25pct": 3,
    "views_to_50pct": null,
    "views_to_75pct": null
  },
  "views_to_f1_threshold": 2,
  "coverage_at_key_iters": {
    "0": 0.0,
    "3": 28.17,
    "6": 39.63,
    "9": 40.7,
    "12": 40.81
  },
  "sigma_series": [
    0.0,
    0.00531554501503706,
    0.01578349433839321,
    0.023641312494874,
    0.02778078056871891,
    0.02778078056871891,
    0.02778078056871891,
    0.03869616240262985,
    0.03805355355143547,
    0.0380108617246151,
    0.038241080939769745,
    0.04214147850871086,
    0.0418085902929306,
    0.04324517026543617,
    0.04426183924078941,
    0.04263530299067497,
    0.041094209998846054,
    0.040285300463438034,
    0.04171726480126381,
    0.04398199915885925,
    0.04398199915885925
  ],
  "occluded_recall_series": [
    0.0,
    0.0,
    0.013687937330991608,
    0.02520141618577681,
    0.029717599174820884,
    0.029717599174820884,
    0.039837194391012236,
    0.06980569262078001,
    0.07805748376125561,
    0.07850352652560565,
    0.07925622369044633,
    0.08067798500181204,
    0.08474812522650609,
    0.08580747679183742,
    0.08943157425218143,
    0.09063031418137214,
    0.09327869309470045,
    0.09199632014719411,
    0.09553678458922249,
    0.09539739622536311,
    0.09567617295308188
  ],
  "tp_series": [
    0,
    16,
    98,
    287,
    409,
    409,
    409,
    453,
    452,
    451,
    452,
    465,
    480,
    464,
    526,
    570,
    436,
    556,
    562,
    572,
    572
  ],
  "fp_series": [
    0,
    0,
    0,
    0,
    0,
    0,
    0,
    0,
    0,
    0,
    0,
    0,
    0,
    4,
    4,
    7,
    2,
    1,
    1,
    1,
    1
  ],
  "fn_series": [
    0,
    17263,
    16435,
    15500,
    14709,
    14709,
    14709,
    13619,
    13713,
    13707,
    13707,
    13611,
    13549,
    13522,
    13501,
    13567,
    13594,
    13501,
    13480,
    13452,
    13452
  ]
}