{
  "method": "Random",
  "occlusion": "half_box",
  "params": {
    "planner": "Random",
    "trial": 0,
    "seed": null
  },
  "num_iters": 5,
  "coverages": [
    0.0,
    35.33,
    57.95,
    57.95,
    58.01,
    58.01
  ],
  "f1_scores": [
    0.0,
    0.6708,
    0.7305,
    0.7307,
    0.7174,
    0.7174
  ],
  "recalls": [
    0.0,
    0.5057,
    0.5767,
    0.5767,
    0.5603,
    0.5603
  ],
  "precisions": [
    0.0,
    0.9958,
    0.9962,
    0.9968,
    0.9967,
    0.9967
  ],
  "distances": [
    0.0,
    0.1,
    0.2,
    0.3,
    0.3695,
    0.4457
  ],
  "times": [
    0.0,
    9.8,
    19.1,
    27.5,
    34.8,
    43.3
  ],
  "ray_tracing_calls": [
    0,
    0,
    0,
    0,
    0,
    0
  ],
  "final_coverage": 58.01,
  "final_f1": 0.7174,
  "final_distance": 0.4457,
  "total_time": 43.3,
  "total_ray_calls": 0,
  "visibility_efficiency": 58.0,
  "coverage_auc": 47.65,
  "hausdorff_distance": 0.088198,
  "chamfer_distance": 0.018778,
  "coverage_efficiency": 130.16,
  "stagnation_count": 2,
  "first_detection_iter": 1,
  "views_to_threshold": {
    "views_to_25pct": 1,
    "views_to_50pct": 2,
    "views_to_75pct": null
  },
  "views_to_f1_threshold": 1,
  "coverage_at_key_iters": {
    "0": 0.0,
    "3": 57.95,
    "6": 58.01,
    "9": 58.01,
    "5": 58.01
  },
  "tp_series": [
    0,
    1438,
    1585,
    1855,
    1793,
    1793
  ],
  "fp_series": [
    0,
    6,
    6,
    6,
    6,
    6
  ],
  "fn_series": [
    0,
    9001,
    7709,
    7709,
    8007,
    8007
  ],
  "sigma_series": [
    0.0,
    0.039935335516929626,
    0.0433616042137146,
    0.042773809283971786,
    0.04169435799121857,
    0.04169435799121857
  ],
  "occluded_recall_series": [
    0.0,
    0.0,
    0.009576721200773504,
    0.02050400564780994,
    0.02145553884404064,
    0.02145553884404064
  ]
}