{
  "method": "RH-NBV",
  "occlusion": "half_box",
  "params": {
    "horizon": 3,
    "num_candidates": 10,
    "lambda_cost": 2.0,
    "discount": 0.85,
    "step_size": 0.12,
    "use_spherical_bounds": true,
    "trial": 4,
    "seed": 46
  },
  "num_iters": 5,
  "coverages": [
    0.0,
    57.18,
    67.83,
    68.63,
    70.89,
    71.05
  ],
  "f1_scores": [
    0.0,
    0.7782,
    0.8394,
    0.8433,
    0.8571,
    0.8562
  ],
  "recalls": [
    0.0,
    0.6369,
    0.7232,
    0.7291,
    0.7512,
    0.7498
  ],
  "precisions": [
    0.0,
    1.0,
    1.0,
    1.0,
    0.9977,
    0.9977
  ],
  "distances": [
    0.0,
    0.0447,
    0.1627,
    0.2042,
    0.2681,
    0.3269
  ],
  "times": [
    0.3,
    707.9,
    1422.2,
    2116.5,
    2813.3,
    3500.7
  ],
  "ray_tracing_calls": [
    0,
    30,
    60,
    90,
    120,
    150
  ],
  "final_coverage": 71.05,
  "final_f1": 0.8562,
  "final_distance": 0.3269,
  "total_time": 3500.7,
  "total_ray_calls": 150,
  "visibility_efficiency": 71.1,
  "coverage_auc": 60.01,
  "hausdorff_distance": 0.08799,
  "chamfer_distance": 0.015131,
  "coverage_efficiency": 217.38,
  "stagnation_count": 0,
  "first_detection_iter": 1,
  "views_to_threshold": {
    "views_to_25pct": 1,
    "views_to_50pct": 1,
    "views_to_75pct": null
  },
  "views_to_f1_threshold": 1,
  "coverage_at_key_iters": {
    "0": 0.0,
    "3": 68.63,
    "6": 71.05,
    "9": 71.05,
    "5": 71.05
  },
  "sigma_series": [
    0.0,
    0.05026194453239441,
    0.04998021200299263,
    0.04886697977781296,
    0.05033412203192711,
    0.05198878422379494
  ],
  "occluded_recall_series": [
    0.0,
    0.0,
    0.040276216476634014,
    0.051646057491568975,
    0.05415127669824956,
    0.06182752529307853
  ],
  "tp_series": [
    0,
    1713,
    1935,
    2416,
    2134,
    2599
  ],
  "fp_series": [
    0,
    0,
    0,
    0,
    5,
    6
  ],
  "fn_series": [
    0,
    6612,
    5040,
    4934,
    4530,
    4556
  ]
}