{
  "method": "RH-NBV",
  "occlusion": "easy",
  "params": {
    "horizon": 3,
    "num_candidates": 10,
    "lambda_cost": 2.0,
    "discount": 0.85,
    "step_size": 0.12,
    "use_spherical_bounds": true,
    "trial": 0,
    "seed": 42
  },
  "num_iters": 5,
  "coverages": [
    0.0,
    29.55,
    43.48,
    47.94,
    57.07,
    62.6
  ],
  "f1_scores": [
    0.0,
    0.4159,
    0.4747,
    0.5569,
    0.6763,
    0.8029
  ],
  "recalls": [
    0.0,
    0.2628,
    0.3135,
    0.3887,
    0.5147,
    0.6748
  ],
  "precisions": [
    0.0,
    0.9962,
    0.9771,
    0.9818,
    0.9861,
    0.991
  ],
  "distances": [
    0.0,
    0.0447,
    0.1528,
    0.1931,
    0.2605,
    0.335
  ],
  "times": [
    0.2,
    452.6,
    909.9,
    1364.8,
    1811.7,
    2260.7
  ],
  "ray_tracing_calls": [
    0,
    30,
    60,
    90,
    120,
    150
  ],
  "final_coverage": 62.6,
  "final_f1": 0.8029,
  "final_distance": 0.335,
  "total_time": 2260.7,
  "total_ray_calls": 150,
  "visibility_efficiency": 62.6,
  "coverage_auc": 41.87,
  "hausdorff_distance": 0.098196,
  "chamfer_distance": 0.020138,
  "coverage_efficiency": 186.84,
  "stagnation_count": 0,
  "first_detection_iter": 1,
  "views_to_threshold": {
    "views_to_25pct": 1,
    "views_to_50pct": 4,
    "views_to_75pct": null
  },
  "views_to_f1_threshold": 1,
  "coverage_at_key_iters": {
    "0": 0.0,
    "3": 47.94,
    "6": 62.6,
    "9": 62.6,
    "5": 62.6
  },
  "sigma_series": [
    0.0,
    0.028598904609680176,
    0.03229668363928795,
    0.03409779816865921,
    0.03887525200843811,
    0.04451507702469826
  ],
  "occluded_recall_series": [
    0.0,
    0.0,
    0.01003604902667628,
    0.02774333093006489,
    0.03659697188175919,
    0.059668348954578225
  ],
  "tp_series": [
    0,
    527,
    725,
    917,
    1202,
    1863
  ],
  "fp_series": [
    0,
    2,
    17,
    17,
    17,
    17
  ],
  "fn_series": [
    0,
    13425,
    12502,
    11133,
    8838,
    5922
  ]
}