{
  "method": "RH-NBV",
  "occlusion": "well",
  "params": {
    "horizon": 3,
    "num_candidates": 10,
    "lambda_cost": 2.0,
    "discount": 0.85,
    "step_size": 0.12,
    "use_spherical_bounds": true,
    "trial": 1,
    "seed": 43
  },
  "num_iters": 5,
  "coverages": [
    0.0,
    0.0,
    1.95,
    32.6,
    34.02,
    37.42
  ],
  "f1_scores": [
    0.0,
    0.0,
    0.0,
    0.2642,
    0.3832,
    0.3935
  ],
  "recalls": [
    0.0,
    0.0,
    0.0,
    0.1522,
    0.237,
    0.245
  ],
  "precisions": [
    0.0,
    0.0,
    0.0,
    1.0,
    1.0,
    1.0
  ],
  "distances": [
    0.0,
    0.0447,
    0.2164,
    0.296,
    0.6526,
    0.9432
  ],
  "times": [
    0.3,
    633.5,
    1304.7,
    1992.7,
    2647.3,
    3397.2
  ],
  "ray_tracing_calls": [
    0,
    30,
    60,
    90,
    120,
    150
  ],
  "final_coverage": 37.42,
  "final_f1": 0.3935,
  "final_distance": 0.9432,
  "total_time": 3397.2,
  "total_ray_calls": 150,
  "visibility_efficiency": 37.4,
  "coverage_auc": 17.46,
  "hausdorff_distance": 0.094516,
  "chamfer_distance": 0.021651,
  "coverage_efficiency": 39.68,
  "stagnation_count": 1,
  "first_detection_iter": 2,
  "views_to_threshold": {
    "views_to_25pct": 3,
    "views_to_50pct": null,
    "views_to_75pct": null
  },
  "views_to_f1_threshold": 3,
  "coverage_at_key_iters": {
    "0": 0.0,
    "3": 32.6,
    "6": 37.42,
    "9": 37.42,
    "5": 37.42
  },
  "sigma_series": [
    0.0,
    0.0,
    0.0,
    0.023244446143507957,
    0.06642692536115646,
    0.06143488362431526
  ],
  "occluded_recall_series": [
    0.0,
    0.0,
    0.0,
    0.00787270147717473,
    0.047876039725150914,
    0.04901660778368153
  ],
  "tp_series": [
    0,
    0,
    0,
    185,
    278,
    318
  ],
  "fp_series": [
    0,
    0,
    0,
    0,
    0,
    0
  ],
  "fn_series": [
    0,
    0,
    0,
    15439,
    13895,
    13750
  ]
}