{
  "method": "GradientNBV",
  "occlusion": "complex3",
  "params": {
    "planner": "GradientNBV",
    "lr": 0.03,
    "trial": 0
  },
  "num_iters": 5,
  "coverages": [
    0.0,
    3.72,
    15.92,
    21.57,
    24.47,
    26.57
  ],
  "f1_scores": [
    0.0,
    0.0223,
    0.1603,
    0.2451,
    0.2766,
    0.2964
  ],
  "recalls": [
    0.0,
    0.0113,
    0.0871,
    0.1396,
    0.1605,
    0.174
  ],
  "precisions": [
    0.0,
    1.0,
    1.0,
    1.0,
    1.0,
    1.0
  ],
  "distances": [
    0.0,
    0.0519,
    0.0908,
    0.1209,
    0.1455,
    0.1662
  ],
  "times": [
    0.0,
    29.2,
    64.6,
    100.7,
    136.7,
    173.3
  ],
  "ray_tracing_calls": [
    0,
    1,
    2,
    3,
    4,
    5
  ],
  "final_coverage": 26.57,
  "final_f1": 0.2964,
  "final_distance": 0.1662,
  "total_time": 173.3,
  "total_ray_calls": 5,
  "visibility_efficiency": 26.6,
  "coverage_auc": 15.79,
  "hausdorff_distance": 0.165723,
  "chamfer_distance": 0.042166,
  "coverage_efficiency": 159.88,
  "stagnation_count": 0,
  "first_detection_iter": 1,
  "views_to_threshold": {
    "views_to_25pct": 5,
    "views_to_50pct": null,
    "views_to_75pct": null
  },
  "views_to_f1_threshold": 2,
  "coverage_at_key_iters": {
    "0": 0.0,
    "3": 21.57,
    "6": 26.57,
    "9": 26.57,
    "5": 26.57
  },
  "tp_series": [
    0,
    2,
    76,
    181,
    356,
    411
  ],
  "fp_series": [
    0,
    0,
    0,
    0,
    0,
    0
  ],
  "fn_series": [
    0,
    18006,
    16624,
    15668,
    15288,
    15042
  ]
}