{
  "method": "RH-NBV",
  "occlusion": "none",
  "params": {
    "horizon": 3,
    "num_candidates": 10,
    "lambda_cost": 2.0,
    "discount": 0.85,
    "step_size": 0.12,
    "use_spherical_bounds": true,
    "trial": 0,
    "seed": 42
  },
  "num_iters": 5,
  "coverages": [
    0.0,
    51.54,
    68.21,
    70.83,
    72.8,
    72.81
  ],
  "f1_scores": [
    0.0,
    0.7707,
    0.7943,
    0.8342,
    0.8264,
    0.8517
  ],
  "recalls": [
    0.0,
    0.6301,
    0.6699,
    0.7269,
    0.7137,
    0.7522
  ],
  "precisions": [
    0.0,
    0.9921,
    0.9755,
    0.9787,
    0.9812,
    0.9815
  ],
  "distances": [
    0.0,
    0.0447,
    0.1528,
    0.1931,
    0.2605,
    0.3427
  ],
  "times": [
    0.4,
    609.0,
    1268.6,
    1945.1,
    2618.4,
    3264.7
  ],
  "ray_tracing_calls": [
    0,
    30,
    60,
    90,
    120,
    150
  ],
  "final_coverage": 72.81,
  "final_f1": 0.8517,
  "final_distance": 0.3427,
  "total_time": 3264.7,
  "total_ray_calls": 150,
  "visibility_efficiency": 72.8,
  "coverage_auc": 59.96,
  "hausdorff_distance": 0.08799,
  "chamfer_distance": 0.01534,
  "coverage_efficiency": 212.48,
  "stagnation_count": 0,
  "first_detection_iter": 1,
  "views_to_threshold": {
    "views_to_25pct": 1,
    "views_to_50pct": 1,
    "views_to_75pct": null
  },
  "views_to_f1_threshold": 1,
  "coverage_at_key_iters": {
    "0": 0.0,
    "3": 70.83,
    "6": 72.81,
    "9": 72.81,
    "5": 72.81
  },
  "sigma_series": [
    0.0,
    0.0519503615796566,
    0.05044778063893318,
    0.04637222737073898,
    0.05055660009384155,
    0.04980025067925453
  ],
  "occluded_recall_series": [
    0.0,
    0.0,
    0.04125655119519366,
    0.08088329285440368,
    0.09104563466700755,
    0.09548766457880609
  ],
  "tp_series": [
    0,
    1884,
    2352,
    2668,
    3183,
    3240
  ],
  "fp_series": [
    0,
    15,
    59,
    58,
    61,
    61
  ],
  "fn_series": [
    0,
    6736,
    6011,
    4974,
    5213,
    4513
  ]
}