{
  "method": "PSO",
  "occlusion": "none",
  "params": {
    "planner": "PSO",
    "trial": 0,
    "seed": null
  },
  "num_iters": 5,
  "coverages": [
    0.0,
    0.0,
    0.0,
    9.4,
    9.4,
    9.4
  ],
  "f1_scores": [
    0.0,
    0.0,
    0.0,
    0.4801,
    0.4801,
    0.4801
  ],
  "recalls": [
    0.0,
    0,
    0,
    0.3598,
    0.3598,
    0.3598
  ],
  "precisions": [
    0.0,
    0,
    0,
    0.7213,
    0.7213,
    0.7213
  ],
  "distances": [
    0.0,
    0.0576,
    0.1547,
    0.3543,
    0.7609,
    0.9087
  ],
  "times": [
    0.0,
    3.7,
    25.9,
    48.7,
    71.1,
    98.0
  ],
  "ray_tracing_calls": [
    0,
    0,
    0,
    0,
    0,
    0
  ],
  "final_coverage": 9.4,
  "final_f1": 0.4801,
  "final_distance": 0.9087,
  "total_time": 98.0,
  "total_ray_calls": 0,
  "visibility_efficiency": 9.4,
  "coverage_auc": 4.7,
  "hausdorff_distance": 0.121516,
  "chamfer_distance": 0.029311,
  "coverage_efficiency": 10.34,
  "stagnation_count": 4,
  "first_detection_iter": 3,
  "views_to_threshold": {
    "views_to_25pct": null,
    "views_to_50pct": null,
    "views_to_75pct": null
  },
  "views_to_f1_threshold": 3,
  "coverage_at_key_iters": {
    "0": 0.0,
    "3": 9.4,
    "6": 9.4,
    "9": 9.4,
    "5": 9.4
  },
  "tp_series": [
    0,
    0,
    0,
    1232,
    1232,
    1232
  ],
  "fp_series": [
    0,
    0,
    0,
    476,
    476,
    476
  ],
  "fn_series": [
    0,
    0,
    0,
    11659,
    11659,
    11659
  ],
  "sigma_series": [
    0.0,
    0.0,
    0.0,
    0.05105362832546234,
    0.05105362832546234,
    0.05105362832546234
  ],
  "occluded_recall_series": [
    0.0,
    0.0,
    0.0,
    0.01730325200990347,
    0.01730325200990347,
    0.01730325200990347
  ]
}