{
  "method": "RH-NBV",
  "occlusion": "complex3",
  "params": {
    "K": 10,
    "H": "adaptive: 2/3/5",
    "step_size": 0.065,
    "lambda": 2.0,
    "r_min": 0.15,
    "r_max": 0.45
  },
  "num_iters": 12,
  "coverages": [
    0.0,
    28.46,
    43.33,
    43.51,
    43.51,
    43.51,
    54.52,
    55.02,
    55.7,
    56.13,
    58.45,
    64.37,
    65.55
  ],
  "f1_scores": [
    0.0,
    0.0295,
    0.0597,
    0.0689,
    0.0689,
    0.0651,
    0.094,
    0.1106,
    0.1139,
    0.118,
    0.1237,
    0.1484,
    0.1505
  ],
  "recalls": [
    0.0,
    0.0171,
    0.0378,
    0.0456,
    0.0456,
    0.0456,
    0.0772,
    0.0998,
    0.1095,
    0.1161,
    0.1247,
    0.1556,
    0.1622
  ],
  "precisions": [
    0.0,
    0.1077,
    0.1417,
    0.1408,
    0.1408,
    0.1136,
    0.12,
    0.1242,
    0.1188,
    0.12,
    0.1228,
    0.1419,
    0.1403
  ],
  "distances": [
    0.0,
    0.1443,
    0.1923,
    0.4158,
    0.4158,
    0.4661,
    0.8133,
    0.86,
    0.894,
    0.9107,
    0.9923,
    1.1351,
    1.1427
  ],
  "times": [
    0.2,
    309.2,
    634.0,
    1104.3,
    1548.2,
    1992.0,
    2431.5,
    2865.4,
    3358.3,
    3831.8,
    4320.8,
    5285.7,
    6136.9
  ],
  "ray_tracing_calls": [
    0,
    20,
    40,
    70,
    100,
    130,
    160,
    190,
    220,
    250,
    280,
    310,
    340
  ],
  "final_coverage": 65.55,
  "final_f1": 0.1505,
  "final_distance": 1.1427,
  "total_time": 6136.9,
  "total_ray_calls": 340,
  "visibility_efficiency": 65.5,
  "coverage_auc": 48.27,
  "hausdorff_distance": 0.148298,
  "chamfer_distance": 0.027209,
  "coverage_efficiency": 57.36,
  "stagnation_count": 2,
  "first_detection_iter": 1,
  "views_to_threshold": {
    "views_to_25pct": 1,
    "views_to_50pct": 6,
    "views_to_75pct": null
  },
  "views_to_f1_threshold": 7,
  "coverage_at_key_iters": {
    "0": 0.0,
    "3": 43.51,
    "6": 54.52,
    "9": 56.13,
    "12": 65.55
  },
  "sigma_series": [
    0.0,
    0.0618320107460022,
    0.055334657430648804,
    0.06541325151920319,
    0.06541325151920319,
    0.07619190216064453,
    0.07657244801521301,
    0.07547502964735031,
    0.07427702844142914,
    0.07429897785186768,
    0.07481591403484344,
    0.07764571905136108,
    0.07913912087678909
  ]
}