{
  "method": "GradientNBV",
  "occlusion": "complex3",
  "params": {
    "lr": 0.03,
    "num_samples": 1
  },
  "num_iters": 12,
  "coverages": [
    0.0,
    32.08,
    37.38,
    39.37,
    41.37,
    42.59,
    42.72,
    42.73,
    42.73,
    42.85,
    42.86,
    42.9,
    42.95
  ],
  "f1_scores": [
    0.0,
    0.048,
    0.0563,
    0.0409,
    0.0647,
    0.0721,
    0.0821,
    0.086,
    0.0813,
    0.0806,
    0.0824,
    0.0803,
    0.0899
  ],
  "recalls": [
    0.0,
    0.0262,
    0.0315,
    0.0228,
    0.0361,
    0.0404,
    0.0469,
    0.0487,
    0.0462,
    0.0454,
    0.0471,
    0.046,
    0.0519
  ],
  "precisions": [
    0.0,
    0.2791,
    0.268,
    0.2006,
    0.3126,
    0.3353,
    0.3289,
    0.3648,
    0.3386,
    0.3606,
    0.3317,
    0.3157,
    0.3377
  ],
  "distances": [
    0.0,
    0.0519,
    0.0771,
    0.0993,
    0.129,
    0.1536,
    0.1755,
    0.203,
    0.2275,
    0.2426,
    0.2559,
    0.2732,
    0.2941
  ],
  "times": [
    4.4,
    47.9,
    97.2,
    143.8,
    189.6,
    236.2,
    283.7,
    333.2,
    381.9,
    430.8,
    479.2,
    528.3,
    578.6
  ],
  "ray_tracing_calls": [
    0,
    1,
    2,
    3,
    4,
    5,
    6,
    7,
    8,
    9,
    10,
    11,
    12
  ],
  "final_coverage": 42.95,
  "final_f1": 0.0899,
  "final_distance": 0.2941,
  "total_time": 578.6,
  "total_ray_calls": 12,
  "visibility_efficiency": 43.0,
  "coverage_auc": 39.25,
  "hausdorff_distance": 0.106574,
  "chamfer_distance": 0.0281,
  "coverage_efficiency": 146.04,
  "stagnation_count": 2,
  "first_detection_iter": 1,
  "views_to_threshold": {
    "views_to_25pct": 1,
    "views_to_50pct": null,
    "views_to_75pct": null
  },
  "views_to_f1_threshold": null,
  "coverage_at_key_iters": {
    "0": 0.0,
    "3": 39.37,
    "6": 42.72,
    "9": 42.85,
    "12": 42.95
  },
  "sigma_series": [
    0.0,
    0.038052331656217575,
    0.0378238819539547,
    0.03740951046347618,
    0.037876665592193604,
    0.03817874193191528,
    0.03754422441124916,
    0.03735622763633728,
    0.038244448602199554,
    0.03770403191447258,
    0.038425736129283905,
    0.03877488896250725,
    0.03821723535656929
  ]
}