{
  "method": "RH-NBV",
  "occlusion": "easy",
  "params": {
    "horizon": 3,
    "num_candidates": 10,
    "lambda_cost": 2.0,
    "discount": 0.85,
    "step_size": 0.12,
    "use_spherical_bounds": true,
    "trial": 0,
    "seed": 42
  },
  "num_iters": 20,
  "coverages": [
    0.0,
    29.55,
    43.43,
    53.59,
    60.02,
    66.06,
    66.78,
    68.33,
    69.37,
    69.97,
    69.97,
    69.98,
    70.25,
    70.56,
    70.56,
    70.56,
    70.58,
    70.7,
    70.7,
    70.7,
    71.26
  ],
  "f1_scores": [
    0.0,
    0.4199,
    0.4711,
    0.6336,
    0.7466,
    0.8433,
    0.8582,
    0.8619,
    0.8585,
    0.7958,
    0.7958,
    0.7941,
    0.7877,
    0.7989,
    0.7989,
    0.8449,
    0.8522,
    0.8465,
    0.8465,
    0.8468,
    0.8423
  ],
  "recalls": [
    0.0,
    0.2659,
    0.3097,
    0.466,
    0.598,
    0.7317,
    0.754,
    0.7597,
    0.7541,
    0.6643,
    0.6643,
    0.6622,
    0.6536,
    0.6682,
    0.6682,
    0.7359,
    0.747,
    0.7381,
    0.7381,
    0.7385,
    0.7314
  ],
  "precisions": [
    0.0,
    0.9981,
    0.9838,
    0.9895,
    0.9932,
    0.995,
    0.9957,
    0.996,
    0.9964,
    0.9924,
    0.9924,
    0.9916,
    0.991,
    0.9932,
    0.9932,
    0.992,
    0.9921,
    0.9922,
    0.9922,
    0.9923,
    0.9929
  ],
  "distances": [
    0.0,
    0.0447,
    0.1528,
    0.2097,
    0.2752,
    0.3521,
    0.3696,
    0.4707,
    0.5168,
    0.5631,
    0.9591,
    1.1525,
    1.2082,
    1.2421,
    1.6163,
    1.8783,
    1.9185,
    1.9575,
    2.3406,
    2.481,
    2.6906
  ],
  "times": [
    0.5,
    599.7,
    1191.2,
    1788.8,
    2399.0,
    2993.0,
    3596.4,
    4211.1,
    4855.3,
    5509.0,
    6167.0,
    6801.7,
    7443.2,
    8087.3,
    8708.9,
    9312.4,
    9925.8,
    10533.0,
    11149.5,
    11768.1,
    12415.0
  ],
  "ray_tracing_calls": [
    0,
    30,
    60,
    90,
    120,
    150,
    180,
    210,
    240,
    270,
    300,
    330,
    360,
    390,
    420,
    450,
    480,
    510,
    540,
    570,
    600
  ],
  "final_coverage": 71.26,
  "final_f1": 0.8423,
  "final_distance": 2.6906,
  "total_time": 12415.0,
  "total_ray_calls": 600,
  "visibility_efficiency": 71.3,
  "coverage_auc": 63.36,
  "hausdorff_distance": 0.093556,
  "chamfer_distance": 0.016299,
  "coverage_efficiency": 26.49,
  "stagnation_count": 5,
  "first_detection_iter": 1,
  "views_to_threshold": {
    "views_to_25pct": 1,
    "views_to_50pct": 3,
    "views_to_75pct": null
  },
  "views_to_f1_threshold": 1,
  "coverage_at_key_iters": {
    "0": 0.0,
    "3": 53.59,
    "6": 66.78,
    "9": 69.97,
    "12": 70.25
  },
  "sigma_series": [
    0.0,
    0.02879248932003975,
    0.03236490488052368,
    0.04029462859034538,
    0.04362785816192627,
    0.04663420096039772,
    0.046983469277620316,
    0.04927391558885574,
    0.047800056636333466,
    0.05086969584226608,
    0.05086969584226608,
    0.05228793993592262,
    0.05362008139491081,
    0.05209041014313698,
    0.05209041014313698,
    0.04802236333489418,
    0.04750553518533707,
    0.04606468975543976,
    0.04606468975543976,
    0.047402892261743546,
    0.050805993378162384
  ],
  "occluded_recall_series": [
    0.0,
    0.0,
    0.009354158847475244,
    0.03851372809423449,
    0.05485463521667581,
    0.08124260184196092,
    0.09631319109622657,
    0.12030487628836216,
    0.12729162456332824,
    0.13263273378179405,
    0.13263273378179405,
    0.1319398331264255,
    0.13269047550307475,
    0.14175592574414644,
    0.14175592574414644,
    0.13303692583075902,
    0.13240176689667119,
    0.12980338943903919,
    0.12980338943903919,
    0.12980338943903919,
    0.13208418742962727
  ],
  "tp_series": [
    0,
    522,
    727,
    1127,
    1749,
    2390,
    2786,
    2968,
    3293,
    2343,
    2343,
    2113,
    2103,
    2790,
    2790,
    2347,
    2379,
    2419,
    2419,
    2439,
    2676
  ],
  "fp_series": [
    0,
    1,
    12,
    12,
    12,
    12,
    12,
    12,
    12,
    18,
    18,
    18,
    19,
    19,
    19,
    19,
    19,
    19,
    19,
    19,
    19
  ],
  "fn_series": [
    0,
    13369,
    12571,
    9724,
    7320,
    4886,
    4479,
    4376,
    4478,
    6114,
    6114,
    6152,
    6308,
    6042,
    6042,
    4810,
    4608,
    4770,
    4770,
    4762,
    4892
  ]
}