{
  "method": "PSO",
  "occlusion": "frontal",
  "params": {
    "planner": "PSO",
    "trial": 0,
    "seed": null
  },
  "num_iters": 20,
  "coverages": [
    0.0,
    1.15,
    1.15,
    49.14,
    58.59,
    58.59,
    65.63,
    65.74,
    65.74,
    65.74,
    70.93,
    70.93,
    71.23,
    75.02,
    75.05,
    77.05,
    77.37,
    77.41,
    77.52,
    77.63,
    77.65
  ],
  "f1_scores": [
    0.0,
    0.1748,
    0.1748,
    0.6078,
    0.7241,
    0.7241,
    0.8314,
    0.8315,
    0.8315,
    0.8315,
    0.8531,
    0.8531,
    0.8551,
    0.8441,
    0.8417,
    0.8177,
    0.8352,
    0.8468,
    0.8642,
    0.8667,
    0.8667
  ],
  "recalls": [
    0.0,
    0.0958,
    0.0958,
    0.4365,
    0.569,
    0.569,
    0.7126,
    0.7126,
    0.7126,
    0.7126,
    0.745,
    0.745,
    0.7481,
    0.7317,
    0.7281,
    0.7114,
    0.736,
    0.7534,
    0.782,
    0.7839,
    0.7839
  ],
  "precisions": [
    0.0,
    1.0,
    1.0,
    1.0,
    0.9954,
    0.9954,
    0.9977,
    0.998,
    0.998,
    0.998,
    0.998,
    0.998,
    0.9978,
    0.9974,
    0.9973,
    0.9614,
    0.9653,
    0.9667,
    0.9656,
    0.9691,
    0.9691
  ],
  "distances": [
    0.0,
    0.0863,
    0.1957,
    0.3479,
    0.4833,
    0.6369,
    0.6659,
    0.833,
    0.833,
    0.833,
    1.1717,
    1.1717,
    1.3836,
    1.6683,
    1.8684,
    2.0006,
    2.011,
    2.113,
    2.2104,
    2.2214,
    2.6049
  ],
  "times": [
    0.0,
    11.7,
    64.2,
    117.2,
    170.6,
    225.4,
    280.7,
    334.5,
    377.7,
    420.2,
    472.4,
    515.2,
    568.2,
    618.4,
    670.5,
    721.4,
    772.5,
    827.6,
    879.5,
    930.6,
    983.0
  ],
  "ray_tracing_calls": [
    0,
    0,
    0,
    0,
    0,
    0,
    0,
    0,
    0,
    0,
    0,
    0,
    0,
    0,
    0,
    0,
    0,
    0,
    0,
    0,
    0
  ],
  "final_coverage": 77.65,
  "final_f1": 0.8667,
  "final_distance": 2.6049,
  "total_time": 983.0,
  "total_ray_calls": 0,
  "visibility_efficiency": 77.6,
  "coverage_auc": 61.02,
  "hausdorff_distance": 0.086885,
  "chamfer_distance": 0.014699,
  "coverage_efficiency": 29.81,
  "stagnation_count": 5,
  "first_detection_iter": 1,
  "views_to_threshold": {
    "views_to_25pct": 3,
    "views_to_50pct": 4,
    "views_to_75pct": 13
  },
  "views_to_f1_threshold": 1,
  "coverage_at_key_iters": {
    "0": 0.0,
    "3": 49.14,
    "6": 65.63,
    "9": 65.74,
    "12": 71.23
  },
  "tp_series": [
    0,
    135,
    135,
    625,
    1073,
    1073,
    2194,
    2542,
    2542,
    2542,
    2506,
    2506,
    2239,
    2293,
    2228,
    2393,
    2892,
    3018,
    2922,
    3266,
    3260
  ],
  "fp_series": [
    0,
    0,
    0,
    0,
    5,
    5,
    5,
    5,
    5,
    5,
    5,
    5,
    5,
    6,
    6,
    96,
    104,
    104,
    104,
    104,
    104
  ],
  "fn_series": [
    0,
    16467,
    16467,
    10261,
    7849,
    7849,
    5234,
    5234,
    5234,
    5234,
    4644,
    4644,
    4588,
    4886,
    4951,
    5256,
    4808,
    4491,
    3970,
    3936,
    3936
  ],
  "sigma_series": [
    0.0,
    0.048839569091796875,
    0.048839569091796875,
    0.06564297527074814,
    0.050885267555713654,
    0.050885267555713654,
    0.04805387929081917,
    0.051038581877946854,
    0.051038581877946854,
    0.051038581877946854,
    0.053127601742744446,
    0.053127601742744446,
    0.051271531730890274,
    0.0518006831407547,
    0.05044588819146156,
    0.05415072664618492,
    0.052395403385162354,
    0.0532495379447937,
    0.05055943876504898,
    0.05004430189728737,
    0.05036453530192375
  ],
  "occluded_recall_series": [
    0.0,
    0.0,
    0.0,
    0.019558676028084254,
    0.02466222195999764,
    0.02466222195999764,
    0.06596259366334296,
    0.08268924420319783,
    0.08268924420319783,
    0.08268924420319783,
    0.12269160422443802,
    0.12269160422443802,
    0.1298306684760163,
    0.15407988671898046,
    0.15469939229453064,
    0.1650539854858694,
    0.17307805770251933,
    0.17591008319074872,
    0.18526166735500618,
    0.18773968965720692,
    0.19184022656203906
  ]
}