{
  "method": "GradientNBV",
  "occlusion": "none",
  "params": {
    "planner": "GradientNBV",
    "lr": 0.03,
    "trial": 0,
    "seed": null
  },
  "num_iters": 20,
  "coverages": [
    0.0,
    52.99,
    61.24,
    63.51,
    64.87,
    65.25,
    65.46,
    65.7,
    66.04,
    66.1,
    66.52,
    66.71,
    66.79,
    66.8,
    66.96,
    66.98,
    67.01,
    67.07,
    67.17,
    67.36,
    67.51
  ],
  "f1_scores": [
    0.0,
    0.7628,
    0.7902,
    0.7845,
    0.7843,
    0.7732,
    0.7467,
    0.7381,
    0.7588,
    0.7544,
    0.7549,
    0.7519,
    0.7518,
    0.739,
    0.7225,
    0.7281,
    0.7371,
    0.7272,
    0.7242,
    0.7228,
    0.7409
  ],
  "recalls": [
    0.0,
    0.6191,
    0.6545,
    0.6468,
    0.6463,
    0.6317,
    0.5966,
    0.5857,
    0.612,
    0.6064,
    0.6068,
    0.6031,
    0.6029,
    0.5868,
    0.5669,
    0.5734,
    0.5846,
    0.5734,
    0.5696,
    0.5687,
    0.59
  ],
  "precisions": [
    0.0,
    0.9934,
    0.9968,
    0.9967,
    0.9973,
    0.9965,
    0.9977,
    0.9977,
    0.9982,
    0.9978,
    0.9984,
    0.9983,
    0.9984,
    0.9977,
    0.9957,
    0.9973,
    0.9974,
    0.9938,
    0.9939,
    0.9914,
    0.9956
  ],
  "distances": [
    0.0,
    0.0519,
    0.0775,
    0.1041,
    0.1271,
    0.1504,
    0.1748,
    0.1991,
    0.2271,
    0.2417,
    0.2584,
    0.2766,
    0.2864,
    0.2931,
    0.3024,
    0.3269,
    0.349,
    0.3672,
    0.3832,
    0.397,
    0.4089
  ],
  "times": [
    0.0,
    51.5,
    96.7,
    144.0,
    188.4,
    235.1,
    279.2,
    323.6,
    367.0,
    416.0,
    460.2,
    501.8,
    545.1,
    589.1,
    633.7,
    688.1,
    741.4,
    794.4,
    849.3,
    903.5,
    952.8
  ],
  "ray_tracing_calls": [
    0,
    1,
    2,
    3,
    4,
    5,
    6,
    7,
    8,
    9,
    10,
    11,
    12,
    13,
    14,
    15,
    16,
    17,
    18,
    19,
    20
  ],
  "final_coverage": 67.51,
  "final_f1": 0.7409,
  "final_distance": 0.4089,
  "total_time": 952.8,
  "total_ray_calls": 20,
  "visibility_efficiency": 67.5,
  "coverage_auc": 63.71,
  "hausdorff_distance": 0.087408,
  "chamfer_distance": 0.015845,
  "coverage_efficiency": 165.11,
  "stagnation_count": 0,
  "first_detection_iter": 1,
  "views_to_threshold": {
    "views_to_25pct": 1,
    "views_to_50pct": 1,
    "views_to_75pct": null
  },
  "views_to_f1_threshold": 1,
  "coverage_at_key_iters": {
    "0": 0.0,
    "3": 63.51,
    "6": 65.46,
    "9": 66.1,
    "12": 66.79
  },
  "tp_series": [
    0,
    1958,
    2771,
    2714,
    3281,
    2598,
    2555,
    2590,
    3290,
    2749,
    3712,
    3535,
    3696,
    2623,
    2340,
    2921,
    3488,
    2725,
    2921,
    2768,
    3133
  ],
  "fp_series": [
    0,
    13,
    9,
    9,
    9,
    9,
    6,
    6,
    6,
    6,
    6,
    6,
    6,
    6,
    10,
    8,
    9,
    17,
    18,
    24,
    14
  ],
  "fn_series": [
    0,
    6937,
    6292,
    6433,
    6442,
    6708,
    7347,
    7544,
    7065,
    7167,
    7160,
    7228,
    7232,
    7524,
    7887,
    7769,
    7565,
    7769,
    7838,
    7854,
    7467
  ],
  "sigma_series": [
    0.0,
    0.05146510899066925,
    0.04730662703514099,
    0.048898059874773026,
    0.047184981405735016,
    0.049280162900686264,
    0.04852185770869255,
    0.047967344522476196,
    0.04862459748983383,
    0.05235256627202034,
    0.0503721609711647,
    0.051801007241010666,
    0.05212379992008209,
    0.05375764146447182,
    0.05404651165008545,
    0.051749978214502335,
    0.053820814937353134,
    0.054345306009054184,
    0.0552111379802227,
    0.05498439073562622,
    0.05362952500581741
  ],
  "occluded_recall_series": [
    0.0,
    0.0,
    0.1006652887223873,
    0.11193644232011368,
    0.14258493734659605,
    0.14623433664901175,
    0.14759075054902468,
    0.1327993799250743,
    0.13425268053223097,
    0.13638418808939415,
    0.14164836584420618,
    0.14461955819661543,
    0.14839813977522284,
    0.1460405632347242,
    0.14077638547991217,
    0.14055031649657668,
    0.1426495284846919,
    0.14261723291564396,
    0.14187443482754167,
    0.1419390259656375,
    0.1379343754036946
  ]
}