{
  "method": "RH-NBV",
  "occlusion": "half_box",
  "params": {
    "horizon": 3,
    "num_candidates": 10,
    "lambda_cost": 2.0,
    "discount": 0.85,
    "step_size": 0.12,
    "use_spherical_bounds": true,
    "trial": 1,
    "seed": 43
  },
  "num_iters": 5,
  "coverages": [
    0.0,
    58.3,
    68.28,
    69.78,
    71.67,
    71.89
  ],
  "f1_scores": [
    0.0,
    0.7351,
    0.8292,
    0.8359,
    0.8562,
    0.8504
  ],
  "recalls": [
    0.0,
    0.5841,
    0.7115,
    0.7212,
    0.7521,
    0.7442
  ],
  "precisions": [
    0.0,
    0.9914,
    0.9934,
    0.9941,
    0.9936,
    0.9918
  ],
  "distances": [
    0.0,
    0.0447,
    0.1627,
    0.2043,
    0.2675,
    0.342
  ],
  "times": [
    0.3,
    664.7,
    1336.7,
    1989.6,
    2641.0,
    3275.9
  ],
  "ray_tracing_calls": [
    0,
    30,
    60,
    90,
    120,
    150
  ],
  "final_coverage": 71.89,
  "final_f1": 0.8504,
  "final_distance": 0.342,
  "total_time": 3275.9,
  "total_ray_calls": 150,
  "visibility_efficiency": 71.9,
  "coverage_auc": 60.79,
  "hausdorff_distance": 0.08799,
  "chamfer_distance": 0.015742,
  "coverage_efficiency": 210.19,
  "stagnation_count": 0,
  "first_detection_iter": 1,
  "views_to_threshold": {
    "views_to_25pct": 1,
    "views_to_50pct": 1,
    "views_to_75pct": null
  },
  "views_to_f1_threshold": 1,
  "coverage_at_key_iters": {
    "0": 0.0,
    "3": 69.78,
    "6": 71.89,
    "9": 71.89,
    "5": 71.89
  },
  "sigma_series": [
    0.0,
    0.049558576196432114,
    0.04649288207292557,
    0.04627880081534386,
    0.04669356346130371,
    0.049701884388923645
  ],
  "occluded_recall_series": [
    0.0,
    0.0,
    0.06280691877013543,
    0.07222170091645554,
    0.0755997622845704,
    0.08291889524881925
  ],
  "tp_series": [
    0,
    1721,
    2270,
    2546,
    2496,
    2544
  ],
  "fp_series": [
    0,
    15,
    15,
    15,
    16,
    21
  ],
  "fn_series": [
    0,
    7574,
    5254,
    5078,
    4514,
    4658
  ]
}