{
  "method": "RH-NBV",
  "occlusion": "none",
  "params": {
    "horizon": 3,
    "num_candidates": 10,
    "lambda_cost": 2.0,
    "discount": 0.85,
    "step_size": 0.12,
    "use_spherical_bounds": true,
    "trial": 1,
    "seed": 43
  },
  "num_iters": 5,
  "coverages": [
    0.0,
    45.63,
    65.7,
    68.53,
    70.71,
    70.88
  ],
  "f1_scores": [
    0.0,
    0.7371,
    0.8242,
    0.8322,
    0.8543,
    0.8558
  ],
  "recalls": [
    0.0,
    0.5871,
    0.7045,
    0.7159,
    0.7493,
    0.751
  ],
  "precisions": [
    0.0,
    0.9901,
    0.9929,
    0.9938,
    0.9936,
    0.9945
  ],
  "distances": [
    0.0,
    0.0447,
    0.1627,
    0.2043,
    0.2675,
    0.342
  ],
  "times": [
    0.3,
    541.8,
    1094.4,
    1636.6,
    2183.1,
    2727.1
  ],
  "ray_tracing_calls": [
    0,
    30,
    60,
    90,
    120,
    150
  ],
  "final_coverage": 70.88,
  "final_f1": 0.8558,
  "final_distance": 0.342,
  "total_time": 2727.1,
  "total_ray_calls": 150,
  "visibility_efficiency": 70.9,
  "coverage_auc": 57.2,
  "hausdorff_distance": 0.08799,
  "chamfer_distance": 0.015628,
  "coverage_efficiency": 207.22,
  "stagnation_count": 0,
  "first_detection_iter": 1,
  "views_to_threshold": {
    "views_to_25pct": 1,
    "views_to_50pct": 2,
    "views_to_75pct": null
  },
  "views_to_f1_threshold": 1,
  "coverage_at_key_iters": {
    "0": 0.0,
    "3": 68.53,
    "6": 70.88,
    "9": 70.88,
    "5": 70.88
  },
  "sigma_series": [
    0.0,
    0.049628447741270065,
    0.04678097739815712,
    0.04615559056401253,
    0.04695253074169159,
    0.04957735911011696
  ],
  "occluded_recall_series": [
    0.0,
    0.0,
    0.06375586854460094,
    0.07511737089201878,
    0.07712050078247261,
    0.08791862284820032
  ],
  "tp_series": [
    0,
    1701,
    2244,
    2556,
    2498,
    2899
  ],
  "fp_series": [
    0,
    17,
    16,
    16,
    16,
    16
  ],
  "fn_series": [
    0,
    7520,
    5381,
    5174,
    4566,
    4534
  ]
}