{
  "method": "GradientNBV",
  "occlusion": "well",
  "params": {
    "planner": "GradientNBV",
    "lr": 0.03,
    "trial": 0,
    "seed": null
  },
  "num_iters": 5,
  "coverages": [
    0.0,
    14.67,
    14.67,
    14.67,
    15.01,
    15.2
  ],
  "f1_scores": [
    0.0,
    0.7436,
    0.7436,
    0.7422,
    0.7354,
    0.7098
  ],
  "recalls": [
    0.0,
    0.5919,
    0.5919,
    0.5919,
    0.5834,
    0.5518
  ],
  "precisions": [
    0.0,
    1.0,
    1.0,
    0.995,
    0.9947,
    0.9947
  ],
  "distances": [
    0.0,
    0.0519,
    0.0773,
    0.0993,
    0.1261,
    0.1557
  ],
  "times": [
    0.0,
    19.9,
    36.1,
    52.2,
    69.5,
    86.3
  ],
  "ray_tracing_calls": [
    0,
    1,
    2,
    3,
    4,
    5
  ],
  "final_coverage": 15.2,
  "final_f1": 0.7098,
  "final_distance": 0.1557,
  "total_time": 86.3,
  "total_ray_calls": 5,
  "visibility_efficiency": 15.2,
  "coverage_auc": 13.33,
  "hausdorff_distance": 0.090597,
  "chamfer_distance": 0.017833,
  "coverage_efficiency": 97.61,
  "stagnation_count": 2,
  "first_detection_iter": 1,
  "views_to_threshold": {
    "views_to_25pct": null,
    "views_to_50pct": null,
    "views_to_75pct": null
  },
  "views_to_f1_threshold": 1,
  "coverage_at_key_iters": {
    "0": 0.0,
    "3": 14.67,
    "6": 15.2,
    "9": 15.2,
    "5": 15.2
  },
  "tp_series": [
    0,
    1581,
    1581,
    1581,
    1498,
    1490
  ],
  "fp_series": [
    0,
    0,
    0,
    8,
    8,
    8
  ],
  "fn_series": [
    0,
    7432,
    7432,
    7432,
    7587,
    8162
  ],
  "sigma_series": [
    0.0,
    0.04310700669884682,
    0.04310700669884682,
    0.04332805797457695,
    0.0422983318567276,
    0.04171688109636307
  ],
  "occluded_recall_series": [
    0.0,
    0.0,
    0.0,
    0.00010021378941742384,
    0.01048904329235703,
    0.01623463388562266
  ]
}