{
  "method": "RH-NBV",
  "occlusion": "well",
  "params": {
    "horizon": 3,
    "num_candidates": 10,
    "lambda_cost": 2.0,
    "discount": 0.85,
    "step_size": 0.065,
    "use_spherical_bounds": false,
    "occlusion_bonus": 0.0,
    "trial": 0,
    "seed": 42
  },
  "num_iters": 5,
  "coverages": [
    0.0,
    20.31,
    20.82,
    24.51,
    26.33,
    26.59
  ],
  "f1_scores": [
    0.0,
    0.8373,
    0.8456,
    0.8649,
    0.8459,
    0.8579
  ],
  "recalls": [
    0.0,
    0.7217,
    0.7341,
    0.764,
    0.7332,
    0.7514
  ],
  "precisions": [
    0.0,
    0.9969,
    0.9971,
    0.9966,
    0.9995,
    0.9996
  ],
  "distances": [
    0.0,
    0.2081,
    0.258,
    0.3387,
    0.3755,
    0.6625
  ],
  "times": [
    0.2,
    205.8,
    405.8,
    607.0,
    812.9,
    1020.5
  ],
  "ray_tracing_calls": [
    0,
    30,
    60,
    90,
    120,
    150
  ],
  "final_coverage": 26.59,
  "final_f1": 0.8579,
  "final_distance": 0.6625,
  "total_time": 1020.5,
  "total_ray_calls": 150,
  "visibility_efficiency": 26.6,
  "coverage_auc": 21.05,
  "hausdorff_distance": 0.088198,
  "chamfer_distance": 0.014668,
  "coverage_efficiency": 40.14,
  "stagnation_count": 0,
  "first_detection_iter": 1,
  "views_to_threshold": {
    "views_to_25pct": 4,
    "views_to_50pct": null,
    "views_to_75pct": null
  },
  "views_to_f1_threshold": 1,
  "coverage_at_key_iters": {
    "0": 0.0,
    "3": 24.51,
    "6": 26.59,
    "9": 26.59,
    "5": 26.59
  },
  "sigma_series": [
    0.0,
    0.052935391664505005,
    0.052219197154045105,
    0.053341079503297806,
    0.05052680894732475,
    0.0535406768321991
  ],
  "occluded_recall_series": [
    0.0,
    0.0,
    0.013901853580477398,
    0.0220696092812375,
    0.02366982264301907,
    0.031804240565408724
  ],
  "tp_series": [
    0,
    2286,
    2407,
    2318,
    1864,
    2300
  ],
  "fp_series": [
    0,
    7,
    7,
    8,
    1,
    1
  ],
  "fn_series": [
    0,
    5069,
    4842,
    4298,
    4858,
    4527
  ]
}