{
  "method": "RH-NBV",
  "occlusion": "easy",
  "params": {
    "horizon": 3,
    "num_candidates": 10,
    "lambda_cost": 2.0,
    "discount": 0.85,
    "step_size": 0.12,
    "use_spherical_bounds": true,
    "trial": 0,
    "seed": 42
  },
  "num_iters": 5,
  "coverages": [
    0.0,
    38.31,
    57.04,
    65.1,
    68.03,
    70.22
  ],
  "f1_scores": [
    0.0,
    0.4053,
    0.6607,
    0.7308,
    0.8007,
    0.8178
  ],
  "recalls": [
    0.0,
    0.2547,
    0.4977,
    0.5901,
    0.6851,
    0.7075
  ],
  "precisions": [
    0.0,
    0.9918,
    0.9825,
    0.9598,
    0.9633,
    0.9688
  ],
  "distances": [
    0.0,
    0.0447,
    0.2278,
    0.3075,
    0.381,
    0.4502
  ],
  "times": [
    0.5,
    747.6,
    1626.7,
    2592.1,
    3561.2,
    4559.8
  ],
  "ray_tracing_calls": [
    0,
    30,
    60,
    90,
    120,
    150
  ],
  "final_coverage": 70.22,
  "final_f1": 0.8178,
  "final_distance": 0.4502,
  "total_time": 4559.8,
  "total_ray_calls": 150,
  "visibility_efficiency": 70.2,
  "coverage_auc": 52.72,
  "hausdorff_distance": 0.087474,
  "chamfer_distance": 0.016759,
  "coverage_efficiency": 155.96,
  "stagnation_count": 0,
  "first_detection_iter": 1,
  "views_to_threshold": {
    "views_to_25pct": 1,
    "views_to_50pct": 2,
    "views_to_75pct": null
  },
  "views_to_f1_threshold": 1,
  "coverage_at_key_iters": {
    "0": 0.0,
    "3": 65.1,
    "6": 70.22,
    "9": 70.22,
    "5": 70.22
  },
  "sigma_series": [
    0.0,
    0.0389799065887928,
    0.046196240931749344,
    0.047925908118486404,
    0.04314180091023445,
    0.045479074120521545
  ],
  "occluded_recall_series": [
    0.0,
    0.0,
    0.048247915573435954,
    0.06778030435543117,
    0.07670106699317825,
    0.07947058480555069
  ],
  "tp_series": [
    0,
    483,
    1233,
    1598,
    1758,
    2144
  ],
  "fp_series": [
    0,
    4,
    22,
    67,
    67,
    69
  ],
  "fn_series": [
    0,
    13573,
    9148,
    7465,
    5734,
    5326
  ]
}