{
  "method": "RH-NBV",
  "occlusion": "well",
  "params": {
    "horizon": 3,
    "num_candidates": 10,
    "lambda_cost": 2.0,
    "discount": 0.85,
    "step_size": 0.065,
    "use_spherical_bounds": false,
    "occlusion_bonus": 0.0,
    "trial": 0,
    "seed": 42
  },
  "num_iters": 5,
  "coverages": [
    0.0,
    20.61,
    20.9,
    24.53,
    26.32,
    26.62
  ],
  "f1_scores": [
    0.0,
    0.8465,
    0.8466,
    0.867,
    0.8815,
    0.8816
  ],
  "recalls": [
    0.0,
    0.7338,
    0.7347,
    0.7663,
    0.7897,
    0.7897
  ],
  "precisions": [
    0.0,
    1.0,
    0.9987,
    0.9983,
    0.9975,
    0.9976
  ],
  "distances": [
    0.0,
    0.2081,
    0.258,
    0.3387,
    0.3755,
    0.6625
  ],
  "times": [
    0.2,
    180.3,
    356.4,
    537.0,
    704.0,
    853.1
  ],
  "ray_tracing_calls": [
    0,
    30,
    60,
    90,
    120,
    150
  ],
  "final_coverage": 26.62,
  "final_f1": 0.8816,
  "final_distance": 0.6625,
  "total_time": 853.1,
  "total_ray_calls": 150,
  "visibility_efficiency": 26.6,
  "coverage_auc": 21.13,
  "hausdorff_distance": 0.088198,
  "chamfer_distance": 0.014474,
  "coverage_efficiency": 40.17,
  "stagnation_count": 0,
  "first_detection_iter": 1,
  "views_to_threshold": {
    "views_to_25pct": 4,
    "views_to_50pct": null,
    "views_to_75pct": null
  },
  "views_to_f1_threshold": 1,
  "coverage_at_key_iters": {
    "0": 0.0,
    "3": 24.53,
    "6": 26.62,
    "9": 26.62,
    "5": 26.62
  },
  "sigma_series": [
    0.0,
    0.05301099270582199,
    0.05286550521850586,
    0.05294221267104149,
    0.05313485115766525,
    0.05381081625819206
  ],
  "occluded_recall_series": [
    0.0,
    0.0,
    0.011214451196991573,
    0.0203136017191015,
    0.021354463955948023,
    0.028909109223382468
  ],
  "tp_series": [
    0,
    2309,
    2318,
    2334,
    2387,
    2523
  ],
  "fp_series": [
    0,
    0,
    3,
    4,
    6,
    6
  ],
  "fn_series": [
    0,
    4848,
    4831,
    4256,
    3830,
    3830
  ]
}