{
  "method": "GradientNBV",
  "occlusion": "none",
  "params": {
    "planner": "GradientNBV",
    "lr": 0.03,
    "trial": 1
  },
  "num_iters": 5,
  "coverages": [
    0.0,
    53.41,
    62.39,
    64.24,
    65.07,
    65.4
  ],
  "f1_scores": [
    0.0,
    0.763,
    0.7912,
    0.7868,
    0.7907,
    0.7844
  ],
  "recalls": [
    0.0,
    0.6202,
    0.6573,
    0.6511,
    0.6561,
    0.6479
  ],
  "precisions": [
    0.0,
    0.9912,
    0.9935,
    0.9938,
    0.9949,
    0.9938
  ],
  "distances": [
    0.0,
    0.0519,
    0.0771,
    0.1096,
    0.1363,
    0.1642
  ],
  "times": [
    0.0,
    36.2,
    74.6,
    112.3,
    151.1,
    188.7
  ],
  "ray_tracing_calls": [
    0,
    1,
    2,
    3,
    4,
    5
  ],
  "final_coverage": 65.4,
  "final_f1": 0.7844,
  "final_distance": 0.1642,
  "total_time": 188.7,
  "total_ray_calls": 5,
  "visibility_efficiency": 65.4,
  "coverage_auc": 55.56,
  "hausdorff_distance": 0.088622,
  "chamfer_distance": 0.016228,
  "coverage_efficiency": 398.32,
  "stagnation_count": 0,
  "first_detection_iter": 1,
  "views_to_threshold": {
    "views_to_25pct": 1,
    "views_to_50pct": 1,
    "views_to_75pct": null
  },
  "views_to_f1_threshold": 1,
  "coverage_at_key_iters": {
    "0": 0.0,
    "3": 64.24,
    "6": 65.4,
    "9": 65.4,
    "5": 65.4
  },
  "tp_series": [
    0,
    1910,
    2595,
    2735,
    3134,
    2578
  ],
  "fp_series": [
    0,
    17,
    17,
    17,
    16,
    16
  ],
  "fn_series": [
    0,
    6917,
    6240,
    6353,
    6263,
    6413
  ]
}