{
  "method": "RH-NBV",
  "occlusion": "none",
  "params": {
    "horizon": 3,
    "num_candidates": 10,
    "lambda_cost": 2.0,
    "discount": 0.85,
    "step_size": 0.12,
    "use_spherical_bounds": true,
    "trial": 2,
    "seed": 44
  },
  "num_iters": 5,
  "coverages": [
    0.0,
    52.26,
    68.93,
    70.15,
    71.84,
    72.09
  ],
  "f1_scores": [
    0.0,
    0.7877,
    0.8389,
    0.8463,
    0.859,
    0.8599
  ],
  "recalls": [
    0.0,
    0.6527,
    0.7247,
    0.7355,
    0.7551,
    0.7564
  ],
  "precisions": [
    0.0,
    0.9932,
    0.9957,
    0.9964,
    0.9961,
    0.9964
  ],
  "distances": [
    0.0,
    0.0447,
    0.1597,
    0.2016,
    0.2524,
    0.3557
  ],
  "times": [
    0.3,
    555.8,
    1116.7,
    1667.7,
    2223.9,
    2778.2
  ],
  "ray_tracing_calls": [
    0,
    30,
    60,
    90,
    120,
    150
  ],
  "final_coverage": 72.09,
  "final_f1": 0.8599,
  "final_distance": 0.3557,
  "total_time": 2778.2,
  "total_ray_calls": 150,
  "visibility_efficiency": 72.1,
  "coverage_auc": 59.84,
  "hausdorff_distance": 0.08799,
  "chamfer_distance": 0.015003,
  "coverage_efficiency": 202.65,
  "stagnation_count": 0,
  "first_detection_iter": 1,
  "views_to_threshold": {
    "views_to_25pct": 1,
    "views_to_50pct": 1,
    "views_to_75pct": null
  },
  "views_to_f1_threshold": 1,
  "coverage_at_key_iters": {
    "0": 0.0,
    "3": 70.15,
    "6": 72.09,
    "9": 72.09,
    "5": 72.09
  },
  "sigma_series": [
    0.0,
    0.05195809528231621,
    0.047201838344335556,
    0.04696245491504669,
    0.047820381820201874,
    0.050950683653354645
  ],
  "occluded_recall_series": [
    0.0,
    0.0,
    0.07917383820998279,
    0.09412252183336521,
    0.09817045961624275,
    0.10435392363103206
  ],
  "tp_series": [
    0,
    1904,
    2567,
    3027,
    2841,
    3005
  ],
  "fp_series": [
    0,
    13,
    11,
    11,
    11,
    11
  ],
  "fn_series": [
    0,
    6325,
    5013,
    4817,
    4460,
    4437
  ]
}