{
  "method": "RH-NBV",
  "occlusion": "frontal",
  "params": {
    "horizon": 3,
    "num_candidates": 10,
    "lambda_cost": 2.0,
    "discount": 0.85,
    "step_size": 0.065,
    "use_spherical_bounds": false,
    "occlusion_bonus": 0.0,
    "trial": 0,
    "seed": 42
  },
  "num_iters": 20,
  "coverages": [
    0.0,
    54.68,
    56.55,
    65.89,
    68.75,
    68.75,
    69.3,
    69.36,
    69.82,
    70.02,
    72.03,
    73.31,
    73.49,
    73.56,
    73.57,
    73.67,
    74.4,
    74.63,
    74.74,
    74.82,
    74.89
  ],
  "f1_scores": [
    0.0,
    0.5453,
    0.577,
    0.6302,
    0.6767,
    0.6767,
    0.7288,
    0.7339,
    0.7442,
    0.6835,
    0.7461,
    0.7712,
    0.7881,
    0.7925,
    0.7911,
    0.7937,
    0.7632,
    0.8022,
    0.8199,
    0.8136,
    0.8051
  ],
  "recalls": [
    0.0,
    0.3752,
    0.4056,
    0.4632,
    0.5217,
    0.5217,
    0.586,
    0.5896,
    0.6035,
    0.5306,
    0.609,
    0.6399,
    0.6632,
    0.669,
    0.6672,
    0.6705,
    0.633,
    0.6904,
    0.7181,
    0.7089,
    0.6967
  ],
  "precisions": [
    0.0,
    0.9972,
    0.9989,
    0.9852,
    0.9628,
    0.9628,
    0.9638,
    0.9719,
    0.9703,
    0.9603,
    0.963,
    0.9702,
    0.9709,
    0.9718,
    0.9717,
    0.9723,
    0.9608,
    0.9573,
    0.9553,
    0.9546,
    0.9534
  ],
  "distances": [
    0.0,
    0.2081,
    0.258,
    0.3387,
    0.3755,
    0.3755,
    0.6721,
    0.7269,
    0.7865,
    0.8102,
    1.1477,
    1.2038,
    1.4527,
    1.5746,
    1.6027,
    1.6315,
    1.9606,
    1.9883,
    2.0078,
    2.1682,
    2.2308
  ],
  "times": [
    0.3,
    757.8,
    1528.5,
    2281.8,
    3055.1,
    3861.5,
    4617.8,
    5355.3,
    6163.6,
    6922.7,
    7709.6,
    8538.2,
    9314.9,
    10156.8,
    10789.0,
    11261.0,
    11727.7,
    12206.9,
    12712.6,
    13159.8,
    13602.8
  ],
  "ray_tracing_calls": [
    0,
    30,
    60,
    90,
    120,
    150,
    180,
    210,
    240,
    270,
    300,
    330,
    360,
    390,
    420,
    450,
    480,
    510,
    540,
    570,
    600
  ],
  "final_coverage": 74.89,
  "final_f1": 0.8051,
  "final_distance": 2.2308,
  "total_time": 13602.8,
  "total_ray_calls": 600,
  "visibility_efficiency": 74.9,
  "coverage_auc": 68.44,
  "hausdorff_distance": 0.084197,
  "chamfer_distance": 0.016181,
  "coverage_efficiency": 33.57,
  "stagnation_count": 2,
  "first_detection_iter": 1,
  "views_to_threshold": {
    "views_to_25pct": 1,
    "views_to_50pct": 1,
    "views_to_75pct": null
  },
  "views_to_f1_threshold": 1,
  "coverage_at_key_iters": {
    "0": 0.0,
    "3": 65.89,
    "6": 69.3,
    "9": 70.02,
    "12": 73.49
  },
  "sigma_series": [
    0.0,
    0.059071265161037445,
    0.060080982744693756,
    0.060331929475069046,
    0.05555296689271927,
    0.05555296689271927,
    0.0512530580163002,
    0.055406659841537476,
    0.05418611317873001,
    0.05584944784641266,
    0.0567152164876461,
    0.05688176676630974,
    0.05758308619260788,
    0.05847153440117836,
    0.0579216443002224,
    0.05882004648447037,
    0.05946441367268562,
    0.05732172355055809,
    0.05486642196774483,
    0.05465003103017807,
    0.05391104519367218
  ],
  "occluded_recall_series": [
    0.0,
    0.0,
    0.02152046783625731,
    0.03994152046783626,
    0.04929824561403509,
    0.04929824561403509,
    0.05880116959064328,
    0.07950292397660819,
    0.07312865497076024,
    0.07321637426900585,
    0.13853801169590643,
    0.1721345029239766,
    0.1924561403508772,
    0.20169590643274854,
    0.2044736842105263,
    0.20953216374269007,
    0.21359649122807017,
    0.2131578947368421,
    0.21312865497076022,
    0.22099415204678363,
    0.22546783625730993
  ],
  "tp_series": [
    0,
    717,
    919,
    1199,
    1554,
    1554,
    1598,
    2077,
    1961,
    1598,
    1716,
    2115,
    2166,
    2240,
    2230,
    2285,
    2230,
    2443,
    2328,
    2165,
    2106
  ],
  "fp_series": [
    0,
    2,
    1,
    18,
    60,
    60,
    60,
    60,
    60,
    66,
    66,
    65,
    65,
    65,
    65,
    65,
    91,
    109,
    109,
    103,
    103
  ],
  "fn_series": [
    0,
    11378,
    10824,
    9775,
    8711,
    8711,
    7540,
    7474,
    7220,
    8549,
    7121,
    6558,
    6133,
    6027,
    6061,
    6001,
    6684,
    5638,
    5134,
    5301,
    5524
  ]
}