{
  "method": "RH-NBV",
  "occlusion": "half_box",
  "params": {
    "horizon": 3,
    "num_candidates": 10,
    "lambda_cost": 2.0,
    "discount": 0.85,
    "step_size": 0.12,
    "use_spherical_bounds": true,
    "trial": 7,
    "seed": 49
  },
  "num_iters": 5,
  "coverages": [
    0.0,
    59.3,
    70.14,
    71.78,
    73.58,
    73.73
  ],
  "f1_scores": [
    0.0,
    0.7803,
    0.8008,
    0.8349,
    0.8519,
    0.8564
  ],
  "recalls": [
    0.0,
    0.6424,
    0.6794,
    0.7265,
    0.7525,
    0.7591
  ],
  "precisions": [
    0.0,
    0.9937,
    0.9751,
    0.9814,
    0.9817,
    0.9824
  ],
  "distances": [
    0.0,
    0.0447,
    0.1594,
    0.199,
    0.2699,
    0.3602
  ],
  "times": [
    0.3,
    718.3,
    1434.5,
    2153.1,
    2867.7,
    3557.7
  ],
  "ray_tracing_calls": [
    0,
    30,
    60,
    90,
    120,
    150
  ],
  "final_coverage": 73.73,
  "final_f1": 0.8564,
  "final_distance": 0.3602,
  "total_time": 3557.7,
  "total_ray_calls": 150,
  "visibility_efficiency": 73.7,
  "coverage_auc": 62.33,
  "hausdorff_distance": 0.088311,
  "chamfer_distance": 0.015216,
  "coverage_efficiency": 204.66,
  "stagnation_count": 0,
  "first_detection_iter": 1,
  "views_to_threshold": {
    "views_to_25pct": 1,
    "views_to_50pct": 1,
    "views_to_75pct": null
  },
  "views_to_f1_threshold": 1,
  "coverage_at_key_iters": {
    "0": 0.0,
    "3": 71.78,
    "6": 73.73,
    "9": 73.73,
    "5": 73.73
  },
  "sigma_series": [
    0.0,
    0.05187217891216278,
    0.05043221637606621,
    0.046257562935352325,
    0.046641748398542404,
    0.04946797341108322
  ],
  "occluded_recall_series": [
    0.0,
    0.0,
    0.045818904706938564,
    0.09102860074387585,
    0.09458766192125176,
    0.09824291394125946
  ],
  "tp_series": [
    0,
    1878,
    2393,
    2957,
    3004,
    3125
  ],
  "fp_series": [
    0,
    12,
    61,
    56,
    56,
    56
  ],
  "fn_series": [
    0,
    6513,
    5839,
    4981,
    4508,
    4387
  ]
}