{
  "method": "PSO",
  "occlusion": "well",
  "params": {
    "planner": "PSO",
    "trial": 0,
    "seed": null
  },
  "num_iters": 5,
  "coverages": [
    0.0,
    11.16,
    14.85,
    15.51,
    15.6,
    15.6
  ],
  "f1_scores": [
    0.0,
    0.734,
    0.784,
    0.7964,
    0.7762,
    0.7762
  ],
  "recalls": [
    0.0,
    0.5812,
    0.6483,
    0.6658,
    0.6658,
    0.6658
  ],
  "precisions": [
    0.0,
    0.9958,
    0.9915,
    0.9908,
    0.9306,
    0.9306
  ],
  "distances": [
    0.0,
    0.0741,
    0.2541,
    0.2797,
    0.367,
    0.5902
  ],
  "times": [
    0.0,
    12.4,
    37.5,
    60.2,
    84.1,
    108.3
  ],
  "ray_tracing_calls": [
    0,
    0,
    0,
    0,
    0,
    0
  ],
  "final_coverage": 15.6,
  "final_f1": 0.7762,
  "final_distance": 0.5902,
  "total_time": 108.3,
  "total_ray_calls": 0,
  "visibility_efficiency": 15.6,
  "coverage_auc": 12.98,
  "hausdorff_distance": 0.088198,
  "chamfer_distance": 0.017438,
  "coverage_efficiency": 26.43,
  "stagnation_count": 1,
  "first_detection_iter": 1,
  "views_to_threshold": {
    "views_to_25pct": null,
    "views_to_50pct": null,
    "views_to_75pct": null
  },
  "views_to_f1_threshold": 1,
  "coverage_at_key_iters": {
    "0": 0.0,
    "3": 15.51,
    "6": 15.6,
    "9": 15.6,
    "5": 15.6
  },
  "tp_series": [
    0,
    2127,
    1510,
    1716,
    1729,
    1729
  ],
  "fp_series": [
    0,
    9,
    13,
    16,
    129,
    129
  ],
  "fn_series": [
    0,
    7626,
    6405,
    6087,
    6087,
    6087
  ],
  "sigma_series": [
    0.0,
    0.052979692816734314,
    0.04886092618107796,
    0.05061275511980057,
    0.051263973116874695,
    0.051263973116874695
  ],
  "occluded_recall_series": [
    0.0,
    0.0,
    0.029874676875756682,
    0.03684434409868787,
    0.037989594581329146,
    0.037989594581329146
  ]
}