{
  "method": "GradientNBV",
  "occlusion": "easy",
  "params": {
    "planner": "GradientNBV",
    "lr": 0.03,
    "trial": 0
  },
  "num_iters": 5,
  "coverages": [
    0.0,
    32.16,
    37.43,
    39.29,
    41.19,
    42.6
  ],
  "f1_scores": [
    0.0,
    0.4154,
    0.444,
    0.4436,
    0.4419,
    0.4238
  ],
  "recalls": [
    0.0,
    0.2626,
    0.2858,
    0.2854,
    0.2841,
    0.2693
  ],
  "precisions": [
    0.0,
    0.9932,
    0.9945,
    0.9948,
    0.9943,
    0.9948
  ],
  "distances": [
    0.0,
    0.0519,
    0.0772,
    0.0995,
    0.1289,
    0.1531
  ],
  "times": [
    0.0,
    41.8,
    100.5,
    155.1,
    206.9,
    260.2
  ],
  "ray_tracing_calls": [
    0,
    1,
    2,
    3,
    4,
    5
  ],
  "final_coverage": 42.6,
  "final_f1": 0.4238,
  "final_distance": 0.1531,
  "total_time": 260.2,
  "total_ray_calls": 5,
  "visibility_efficiency": 42.6,
  "coverage_auc": 34.27,
  "hausdorff_distance": 0.116783,
  "chamfer_distance": 0.030345,
  "coverage_efficiency": 278.33,
  "stagnation_count": 0,
  "first_detection_iter": 1,
  "views_to_threshold": {
    "views_to_25pct": 1,
    "views_to_50pct": null,
    "views_to_75pct": null
  },
  "views_to_f1_threshold": 1,
  "coverage_at_key_iters": {
    "0": 0.0,
    "3": 39.29,
    "6": 42.6,
    "9": 42.6,
    "5": 42.6
  },
  "tp_series": [
    0,
    586,
    728,
    764,
    694,
    760
  ],
  "fp_series": [
    0,
    4,
    4,
    4,
    4,
    4
  ],
  "fn_series": [
    0,
    13428,
    13007,
    13013,
    13038,
    13307
  ]
}