{
  "method": "GradientNBV",
  "occlusion": "half_box",
  "params": {
    "planner": "GradientNBV",
    "lr": 0.03,
    "trial": 0
  },
  "num_iters": 20,
  "coverages": [
    0.0,
    58.77,
    65.58,
    65.95,
    67.11,
    67.58,
    68.21,
    68.72,
    68.9,
    69.04,
    69.1,
    69.15,
    69.15,
    69.15,
    69.15,
    69.33,
    69.41,
    69.46,
    70.11,
    70.34,
    70.54
  ],
  "f1_scores": [
    0.0,
    0.7706,
    0.7811,
    0.8122,
    0.7894,
    0.7899,
    0.7883,
    0.7895,
    0.7894,
    0.79,
    0.7899,
    0.7899,
    0.7894,
    0.7875,
    0.765,
    0.7362,
    0.7359,
    0.7394,
    0.7799,
    0.7663,
    0.7961
  ],
  "recalls": [
    0.0,
    0.6304,
    0.6457,
    0.6879,
    0.6559,
    0.656,
    0.6535,
    0.6545,
    0.6543,
    0.655,
    0.6548,
    0.6548,
    0.6545,
    0.6527,
    0.6235,
    0.5855,
    0.585,
    0.5892,
    0.6409,
    0.6231,
    0.6631
  ],
  "precisions": [
    0.0,
    0.9911,
    0.9885,
    0.9913,
    0.9911,
    0.9926,
    0.9933,
    0.9945,
    0.9948,
    0.995,
    0.9952,
    0.9953,
    0.9944,
    0.9923,
    0.9898,
    0.9914,
    0.9918,
    0.9922,
    0.9958,
    0.9949,
    0.9958
  ],
  "distances": [
    0.0,
    0.0519,
    0.0892,
    0.1172,
    0.1451,
    0.1776,
    0.2131,
    0.252,
    0.2811,
    0.3025,
    0.3179,
    0.3237,
    0.3274,
    0.3398,
    0.3577,
    0.376,
    0.4016,
    0.4234,
    0.4382,
    0.4497,
    0.4578
  ],
  "times": [
    0.0,
    44.4,
    88.9,
    133.7,
    177.0,
    221.8,
    274.4,
    329.0,
    385.8,
    439.0,
    485.8,
    538.2,
    586.0,
    631.4,
    680.5,
    730.4,
    787.5,
    838.6,
    882.8,
    927.2,
    978.5
  ],
  "ray_tracing_calls": [
    0,
    1,
    2,
    3,
    4,
    5,
    6,
    7,
    8,
    9,
    10,
    11,
    12,
    13,
    14,
    15,
    16,
    17,
    18,
    19,
    20
  ],
  "final_coverage": 70.54,
  "final_f1": 0.7961,
  "final_distance": 0.4578,
  "total_time": 978.5,
  "total_ray_calls": 20,
  "visibility_efficiency": 70.5,
  "coverage_auc": 66.47,
  "hausdorff_distance": 0.086723,
  "chamfer_distance": 0.015756,
  "coverage_efficiency": 154.11,
  "stagnation_count": 3,
  "first_detection_iter": 1,
  "views_to_threshold": {
    "views_to_25pct": 1,
    "views_to_50pct": 1,
    "views_to_75pct": null
  },
  "views_to_f1_threshold": 1,
  "coverage_at_key_iters": {
    "0": 0.0,
    "3": 65.95,
    "6": 68.21,
    "9": 69.04,
    "12": 69.15
  },
  "tp_series": [
    0,
    1899,
    1973,
    2612,
    2547,
    3067,
    3406,
    3806,
    4025,
    4206,
    4347,
    4469,
    3734,
    3372,
    2898,
    2653,
    2662,
    2677,
    3353,
    2732,
    3359
  ],
  "fp_series": [
    0,
    17,
    23,
    23,
    23,
    23,
    23,
    21,
    21,
    21,
    21,
    21,
    21,
    26,
    30,
    23,
    22,
    21,
    14,
    14,
    14
  ],
  "fn_series": [
    0,
    6731,
    6452,
    5684,
    6267,
    6264,
    6311,
    6291,
    6296,
    6283,
    6287,
    6287,
    6292,
    6324,
    6857,
    7548,
    7558,
    7481,
    6539,
    6863,
    6136
  ]
}