{
  "method": "GradientNBV",
  "occlusion": "frontal",
  "params": {
    "planner": "GradientNBV",
    "lr": 0.03,
    "trial": 0
  },
  "num_iters": 5,
  "coverages": [
    0.0,
    7.71,
    13.47,
    13.92,
    13.93,
    13.93
  ],
  "f1_scores": [
    0.0,
    0.0839,
    0.1739,
    0.1739,
    0.1739,
    0.1739
  ],
  "recalls": [
    0.0,
    0.0438,
    0.0952,
    0.0952,
    0.0952,
    0.0952
  ],
  "precisions": [
    0.0,
    1.0,
    1.0,
    1.0,
    1.0,
    1.0
  ],
  "distances": [
    0.0,
    0.0519,
    0.0769,
    0.1012,
    0.1202,
    0.1411
  ],
  "times": [
    0.0,
    37.6,
    76.7,
    120.8,
    164.4,
    208.6
  ],
  "ray_tracing_calls": [
    0,
    1,
    2,
    3,
    4,
    5
  ],
  "final_coverage": 13.93,
  "final_f1": 0.1739,
  "final_distance": 0.1411,
  "total_time": 208.6,
  "total_ray_calls": 5,
  "visibility_efficiency": 13.9,
  "coverage_auc": 11.2,
  "hausdorff_distance": 0.173275,
  "chamfer_distance": 0.051222,
  "coverage_efficiency": 98.72,
  "stagnation_count": 2,
  "first_detection_iter": 1,
  "views_to_threshold": {
    "views_to_25pct": null,
    "views_to_50pct": null,
    "views_to_75pct": null
  },
  "views_to_f1_threshold": 2,
  "coverage_at_key_iters": {
    "0": 0.0,
    "3": 13.92,
    "6": 13.93,
    "9": 13.93,
    "5": 13.93
  },
  "tp_series": [
    0,
    6,
    71,
    66,
    66,
    66
  ],
  "fp_series": [
    0,
    0,
    0,
    0,
    0,
    0
  ],
  "fn_series": [
    0,
    17414,
    16477,
    16477,
    16477,
    16477
  ]
}