{
  "method": "PSO",
  "occlusion": "well",
  "params": {
    "planner": "PSO",
    "trial": 0,
    "seed": null
  },
  "num_iters": 20,
  "coverages": [
    0.0,
    1.62,
    1.62,
    1.63,
    2.4,
    30.2,
    30.2,
    31.82,
    39.69,
    42.33,
    45.01,
    45.05,
    45.05,
    45.13,
    45.68,
    45.68,
    45.68,
    46.8,
    46.8,
    47.62,
    49.23
  ],
  "f1_scores": [
    0.0,
    0.0,
    0.0,
    0.0,
    0.0626,
    0.3302,
    0.3302,
    0.3296,
    0.3429,
    0.3664,
    0.3767,
    0.3763,
    0.3763,
    0.3781,
    0.374,
    0.3768,
    0.3784,
    0.4496,
    0.4496,
    0.4496,
    0.449
  ],
  "recalls": [
    0.0,
    0,
    0,
    0,
    0.0323,
    0.1977,
    0.1977,
    0.1973,
    0.207,
    0.2243,
    0.2321,
    0.2318,
    0.2318,
    0.2331,
    0.23,
    0.2322,
    0.2333,
    0.29,
    0.29,
    0.29,
    0.2895
  ],
  "precisions": [
    0.0,
    0,
    0,
    0,
    1.0,
    1.0,
    1.0,
    1.0,
    1.0,
    1.0,
    1.0,
    1.0,
    1.0,
    1.0,
    1.0,
    1.0,
    1.0,
    1.0,
    1.0,
    1.0,
    1.0
  ],
  "distances": [
    0.0,
    0.1244,
    0.2958,
    0.4263,
    0.7299,
    1.0053,
    1.1061,
    1.477,
    1.6832,
    1.8413,
    2.1974,
    2.4969,
    2.5744,
    2.6473,
    2.7201,
    2.7879,
    2.8809,
    3.1822,
    3.4196,
    3.6024,
    4.1159
  ],
  "times": [
    0.0,
    17.0,
    93.2,
    175.1,
    244.7,
    309.9,
    374.4,
    440.4,
    505.2,
    568.2,
    627.6,
    691.2,
    750.6,
    814.2,
    872.6,
    933.3,
    992.0,
    1052.8,
    1111.5,
    1170.3,
    1228.2
  ],
  "ray_tracing_calls": [
    0,
    0,
    0,
    0,
    0,
    0,
    0,
    0,
    0,
    0,
    0,
    0,
    0,
    0,
    0,
    0,
    0,
    0,
    0,
    0,
    0
  ],
  "final_coverage": 49.23,
  "final_f1": 0.449,
  "final_distance": 4.1159,
  "total_time": 1228.2,
  "total_ray_calls": 0,
  "visibility_efficiency": 49.2,
  "coverage_auc": 33.23,
  "hausdorff_distance": 0.096172,
  "chamfer_distance": 0.020301,
  "coverage_efficiency": 11.96,
  "stagnation_count": 6,
  "first_detection_iter": 1,
  "views_to_threshold": {
    "views_to_25pct": 5,
    "views_to_50pct": null,
    "views_to_75pct": null
  },
  "views_to_f1_threshold": 5,
  "coverage_at_key_iters": {
    "0": 0.0,
    "3": 1.63,
    "6": 30.2,
    "9": 42.33,
    "12": 45.05
  },
  "tp_series": [
    0,
    0,
    0,
    0,
    19,
    340,
    340,
    339,
    410,
    482,
    587,
    422,
    422,
    422,
    445,
    344,
    390,
    479,
    479,
    483,
    646
  ],
  "fp_series": [
    0,
    0,
    0,
    0,
    0,
    0,
    0,
    0,
    0,
    0,
    0,
    0,
    0,
    0,
    0,
    0,
    0,
    0,
    0,
    0,
    0
  ],
  "fn_series": [
    0,
    0,
    0,
    0,
    17623,
    14610,
    14610,
    14618,
    14442,
    14126,
    13985,
    13990,
    13990,
    13966,
    14022,
    13983,
    13962,
    12930,
    12930,
    12930,
    12939
  ],
  "sigma_series": [
    0.0,
    0.0,
    0.0,
    0.0,
    0.016616646200418472,
    0.03326691314578056,
    0.03326691314578056,
    0.03323102742433548,
    0.030848369002342224,
    0.028972605243325233,
    0.028497835621237755,
    0.03244709596037865,
    0.03244709596037865,
    0.031967516988515854,
    0.030825842171907425,
    0.03361058980226517,
    0.03238890692591667,
    0.053369879722595215,
    0.053369879722595215,
    0.05367649346590042,
    0.04772078990936279
  ],
  "occluded_recall_series": [
    0.0,
    0.0,
    0.0,
    0.01610704648510307,
    0.03833421425988261,
    0.051436837566417225,
    0.051436837566417225,
    0.051436837566417225,
    0.055136729073358,
    0.058669708181489415,
    0.07007538876679556,
    0.07141068795727043,
    0.07141068795727043,
    0.07255125601580104,
    0.07152196288981,
    0.06988065763485131,
    0.06960247030350238,
    0.08523659832531226,
    0.08523659832531226,
    0.088686121234039,
    0.10023089548501961
  ]
}