{
  "method": "RH-NBV",
  "occlusion": "well",
  "params": {
    "horizon": 3,
    "num_candidates": 10,
    "lambda_cost": 2.0,
    "discount": 0.85,
    "step_size": 0.065,
    "use_spherical_bounds": false,
    "occlusion_bonus": 0.0,
    "trial": 0,
    "seed": 42
  },
  "num_iters": 5,
  "coverages": [
    0.0,
    7.29,
    16.5,
    28.07,
    39.42,
    39.42
  ],
  "f1_scores": [
    0.0,
    0.099,
    0.1864,
    0.2581,
    0.3219,
    0.3219
  ],
  "recalls": [
    0.0,
    0.0521,
    0.1028,
    0.1482,
    0.1918,
    0.1918
  ],
  "precisions": [
    0.0,
    1.0,
    1.0,
    1.0,
    1.0,
    1.0
  ],
  "distances": [
    0.0,
    0.2081,
    0.2337,
    0.3388,
    0.3756,
    0.6626
  ],
  "times": [
    0.5,
    712.8,
    1361.2,
    2008.5,
    2668.2,
    3313.1
  ],
  "ray_tracing_calls": [
    0,
    30,
    60,
    90,
    120,
    150
  ],
  "final_coverage": 39.42,
  "final_f1": 0.3219,
  "final_distance": 0.6626,
  "total_time": 3313.1,
  "total_ray_calls": 150,
  "visibility_efficiency": 39.4,
  "coverage_auc": 22.2,
  "hausdorff_distance": 0.151342,
  "chamfer_distance": 0.038658,
  "coverage_efficiency": 59.49,
  "stagnation_count": 1,
  "first_detection_iter": 1,
  "views_to_threshold": {
    "views_to_25pct": 3,
    "views_to_50pct": null,
    "views_to_75pct": null
  },
  "views_to_f1_threshold": 2,
  "coverage_at_key_iters": {
    "0": 0.0,
    "3": 28.07,
    "6": 39.42,
    "9": 39.42,
    "5": 39.42
  },
  "sigma_series": [
    0.0,
    0.006282369140535593,
    0.014673138037323952,
    0.023755798116326332,
    0.02778458409011364,
    0.02778458409011364
  ],
  "occluded_recall_series": [
    0.0,
    0.0,
    0.01363864561834105,
    0.024906565515702573,
    0.029648016957661626,
    0.029648016957661626
  ],
  "tp_series": [
    0,
    17,
    92,
    282,
    404,
    404
  ],
  "fp_series": [
    0,
    0,
    0,
    0,
    0,
    0
  ],
  "fn_series": [
    0,
    17263,
    16339,
    15513,
    14718,
    14718
  ]
}