{
  "method": "RH-NBV",
  "occlusion": "none",
  "params": {
    "horizon": 3,
    "num_candidates": 10,
    "lambda_cost": 2.0,
    "discount": 0.85,
    "step_size": 0.065,
    "use_spherical_bounds": false,
    "occlusion_bonus": 0.0,
    "trial": 0,
    "seed": 42
  },
  "num_iters": 5,
  "coverages": [
    0.0,
    20.44,
    20.68,
    24.44,
    26.27,
    26.56
  ],
  "f1_scores": [
    0.0,
    0.8443,
    0.8481,
    0.8637,
    0.8828,
    0.8835
  ],
  "recalls": [
    0.0,
    0.7314,
    0.7375,
    0.7622,
    0.7924,
    0.7932
  ],
  "precisions": [
    0.0,
    0.9983,
    0.9978,
    0.9964,
    0.9966,
    0.9969
  ],
  "distances": [
    0.0,
    0.2081,
    0.258,
    0.3387,
    0.3755,
    0.6625
  ],
  "times": [
    0.1,
    261.8,
    522.6,
    800.3,
    1069.6,
    1337.8
  ],
  "ray_tracing_calls": [
    0,
    30,
    60,
    90,
    120,
    150
  ],
  "final_coverage": 26.56,
  "final_f1": 0.8835,
  "final_distance": 0.6625,
  "total_time": 1337.8,
  "total_ray_calls": 150,
  "visibility_efficiency": 26.6,
  "coverage_auc": 21.02,
  "hausdorff_distance": 0.088198,
  "chamfer_distance": 0.014499,
  "coverage_efficiency": 40.09,
  "stagnation_count": 0,
  "first_detection_iter": 1,
  "views_to_threshold": {
    "views_to_25pct": 4,
    "views_to_50pct": null,
    "views_to_75pct": null
  },
  "views_to_f1_threshold": 1,
  "coverage_at_key_iters": {
    "0": 0.0,
    "3": 24.44,
    "6": 26.56,
    "9": 26.56,
    "5": 26.56
  },
  "sigma_series": [
    0.0,
    0.053073950111866,
    0.05253058299422264,
    0.05336800217628479,
    0.05251980572938919,
    0.05317060649394989
  ],
  "occluded_recall_series": [
    0.0,
    0.0,
    0.00924627812270512,
    0.017658054609787036,
    0.019527338273583016,
    0.028806996461713065
  ],
  "tp_series": [
    0,
    2307,
    2319,
    2242,
    2367,
    2563
  ],
  "fp_series": [
    0,
    4,
    5,
    8,
    8,
    8
  ],
  "fn_series": [
    0,
    4891,
    4781,
    4331,
    3781,
    3766
  ]
}