{
  "method": "GradientNBV",
  "occlusion": "well",
  "params": {
    "planner": "GradientNBV",
    "lr": 0.03,
    "trial": 0
  },
  "num_iters": 20,
  "coverages": [
    0.0,
    0.0,
    0.67,
    0.67,
    0.67,
    0.67,
    0.67,
    0.67,
    0.67,
    0.67,
    0.67,
    0.67,
    0.67,
    0.67,
    0.67,
    0.67,
    0.8,
    0.99,
    1.0,
    1.6,
    2.73
  ],
  "f1_scores": [
    0.0,
    0.0,
    0.0,
    0.0,
    0.0,
    0.0,
    0.0,
    0.0,
    0.0,
    0.0,
    0.0,
    0.0,
    0.0,
    0.0,
    0.0,
    0.0,
    0.0,
    0.0,
    0.0,
    0.1058,
    0.1727
  ],
  "recalls": [
    0.0,
    0,
    0,
    0,
    0,
    0,
    0,
    0,
    0,
    0,
    0,
    0,
    0,
    0,
    0,
    0,
    0,
    0,
    0,
    0.0558,
    0.0945
  ],
  "precisions": [
    0.0,
    0,
    0,
    0,
    0,
    0,
    0,
    0,
    0,
    0,
    0,
    0,
    0,
    0,
    0,
    0,
    0,
    0,
    0,
    1.0,
    1.0
  ],
  "distances": [
    0.0,
    0.0519,
    0.0864,
    0.1184,
    0.1447,
    0.167,
    0.1862,
    0.2029,
    0.2177,
    0.2308,
    0.2425,
    0.253,
    0.2625,
    0.2716,
    0.2866,
    0.2995,
    0.3266,
    0.3484,
    0.362,
    0.3835,
    0.403
  ],
  "times": [
    0.0,
    45.3,
    92.7,
    139.0,
    186.8,
    238.2,
    289.9,
    337.3,
    385.7,
    432.7,
    480.6,
    528.7,
    575.9,
    623.9,
    672.4,
    721.5,
    770.7,
    820.2,
    872.8,
    923.4,
    972.0
  ],
  "ray_tracing_calls": [
    0,
    1,
    2,
    3,
    4,
    5,
    6,
    7,
    8,
    9,
    10,
    11,
    12,
    13,
    14,
    15,
    16,
    17,
    18,
    19,
    20
  ],
  "final_coverage": 2.73,
  "final_f1": 0.1727,
  "final_distance": 0.403,
  "total_time": 972.0,
  "total_ray_calls": 20,
  "visibility_efficiency": 2.7,
  "coverage_auc": 0.75,
  "hausdorff_distance": 0.179805,
  "chamfer_distance": 0.034686,
  "coverage_efficiency": 6.77,
  "stagnation_count": 14,
  "first_detection_iter": 2,
  "views_to_threshold": {
    "views_to_25pct": null,
    "views_to_50pct": null,
    "views_to_75pct": null
  },
  "views_to_f1_threshold": 19,
  "coverage_at_key_iters": {
    "0": 0.0,
    "3": 0.67,
    "6": 0.67,
    "9": 0.67,
    "12": 0.67
  },
  "tp_series": [
    0,
    0,
    0,
    0,
    0,
    0,
    0,
    0,
    0,
    0,
    0,
    0,
    0,
    0,
    0,
    0,
    0,
    0,
    0,
    34,
    116
  ],
  "fp_series": [
    0,
    0,
    0,
    0,
    0,
    0,
    0,
    0,
    0,
    0,
    0,
    0,
    0,
    0,
    0,
    0,
    0,
    0,
    0,
    0,
    0
  ],
  "fn_series": [
    0,
    0,
    0,
    0,
    0,
    0,
    0,
    0,
    0,
    0,
    0,
    0,
    0,
    0,
    0,
    0,
    0,
    0,
    0,
    17194,
    16490
  ]
}