{
  "method": "RH-NBV",
  "occlusion": "none",
  "params": {
    "horizon": 3,
    "num_candidates": 10,
    "lambda_cost": 2.0,
    "discount": 0.85,
    "step_size": 0.065,
    "use_spherical_bounds": false,
    "occlusion_bonus": 0.0,
    "trial": 0,
    "seed": 42
  },
  "num_iters": 20,
  "coverages": [
    0.0,
    67.72,
    69.12,
    73.98,
    75.49,
    75.88,
    76.37,
    76.4,
    76.84,
    77.65,
    77.77,
    78.2,
    78.22,
    78.25,
    78.5,
    78.66,
    78.71,
    78.71,
    78.86,
    78.94,
    78.96
  ],
  "f1_scores": [
    0.0,
    0.8283,
    0.8259,
    0.8043,
    0.8178,
    0.8151,
    0.7856,
    0.8333,
    0.8364,
    0.8371,
    0.8291,
    0.8465,
    0.8304,
    0.8222,
    0.848,
    0.8354,
    0.801,
    0.8113,
    0.7961,
    0.7755,
    0.8324
  ],
  "recalls": [
    0.0,
    0.7069,
    0.7035,
    0.6842,
    0.7034,
    0.7023,
    0.6704,
    0.7385,
    0.7512,
    0.7422,
    0.7287,
    0.7523,
    0.7303,
    0.718,
    0.7617,
    0.7377,
    0.6935,
    0.7,
    0.6811,
    0.6464,
    0.7329
  ],
  "precisions": [
    0.0,
    1.0,
    1.0,
    0.9754,
    0.9765,
    0.9712,
    0.9486,
    0.9561,
    0.9433,
    0.9597,
    0.9616,
    0.9678,
    0.9622,
    0.9617,
    0.9562,
    0.963,
    0.9479,
    0.9648,
    0.9579,
    0.9691,
    0.9633
  ],
  "distances": [
    0.0,
    0.2081,
    0.258,
    0.3387,
    0.3755,
    0.6625,
    0.8543,
    0.8708,
    0.9304,
    1.2613,
    1.283,
    1.3027,
    1.327,
    1.3591,
    1.8041,
    1.8665,
    1.9172,
    2.2601,
    2.607,
    2.7883,
    2.9279
  ],
  "times": [
    0.4,
    730.5,
    1341.7,
    1812.8,
    2267.3,
    2725.0,
    3180.3,
    3634.5,
    4092.5,
    4563.7,
    5028.6,
    5493.3,
    5958.8,
    6417.2,
    6871.7,
    7327.2,
    7777.6,
    8250.1,
    8707.5,
    9164.7,
    9629.6
  ],
  "ray_tracing_calls": [
    0,
    30,
    60,
    90,
    120,
    150,
    180,
    210,
    240,
    270,
    300,
    330,
    360,
    390,
    420,
    450,
    480,
    510,
    540,
    570,
    600
  ],
  "final_coverage": 78.96,
  "final_f1": 0.8324,
  "final_distance": 2.9279,
  "total_time": 9629.6,
  "total_ray_calls": 600,
  "visibility_efficiency": 79.0,
  "coverage_auc": 74.69,
  "hausdorff_distance": 0.085212,
  "chamfer_distance": 0.015724,
  "coverage_efficiency": 26.97,
  "stagnation_count": 1,
  "first_detection_iter": 1,
  "views_to_threshold": {
    "views_to_25pct": 1,
    "views_to_50pct": 1,
    "views_to_75pct": 4
  },
  "views_to_f1_threshold": 1,
  "coverage_at_key_iters": {
    "0": 0.0,
    "3": 73.98,
    "6": 76.37,
    "9": 77.65,
    "12": 78.22
  },
  "sigma_series": [
    0.0,
    0.05193084850907326,
    0.05185955762863159,
    0.05430302023887634,
    0.052317433059215546,
    0.05161097273230553,
    0.05281096696853638,
    0.05059773474931717,
    0.046092815697193146,
    0.05130384489893913,
    0.05020785704255104,
    0.05242400988936424,
    0.0510471910238266,
    0.05178182199597359,
    0.04931578040122986,
    0.05297718942165375,
    0.04902186989784241,
    0.051579345017671585,
    0.05222998559474945,
    0.050715960562229156,
    0.04656541347503662
  ],
  "occluded_recall_series": [
    0.0,
    0.0,
    0.0049578414839797635,
    0.04954468802698145,
    0.056526138279932546,
    0.07497470489038786,
    0.07645868465430017,
    0.07753794266441821,
    0.09291736930860034,
    0.09615514333895447,
    0.09747048903878583,
    0.11804384485666104,
    0.11959527824620574,
    0.12003372681281618,
    0.1454300168634064,
    0.15679595278246206,
    0.16688026981450252,
    0.16529510961214167,
    0.1672512647554806,
    0.1682293423271501,
    0.17554806070826307
  ],
  "tp_series": [
    0,
    2172,
    2149,
    2459,
    2998,
    2428,
    2475,
    3156,
    2414,
    3522,
    3629,
    4359,
    3686,
    3641,
    3165,
    3275,
    2511,
    3505,
    2568,
    2950,
    2413
  ],
  "fp_series": [
    0,
    0,
    0,
    62,
    72,
    72,
    134,
    145,
    145,
    148,
    145,
    145,
    145,
    145,
    145,
    126,
    138,
    128,
    113,
    94,
    92
  ],
  "fn_series": [
    0,
    5337,
    5400,
    5751,
    5401,
    5422,
    6003,
    4763,
    4530,
    4694,
    4940,
    4511,
    4911,
    5135,
    4339,
    4776,
    5581,
    5463,
    5808,
    6440,
    4865
  ]
}