{
  "method": "RH-NBV",
  "occlusion": "half_box",
  "params": {
    "horizon": 3,
    "num_candidates": 10,
    "lambda_cost": 2.0,
    "discount": 0.85,
    "step_size": 0.12,
    "use_spherical_bounds": true,
    "trial": 5,
    "seed": 47
  },
  "num_iters": 5,
  "coverages": [
    0.0,
    37.28,
    38.11,
    47.88,
    64.82,
    72.56
  ],
  "f1_scores": [
    0.0,
    0.5835,
    0.6393,
    0.7041,
    0.6882,
    0.7608
  ],
  "recalls": [
    0.0,
    0.4119,
    0.4699,
    0.5434,
    0.5363,
    0.6313
  ],
  "precisions": [
    0.0,
    1.0,
    1.0,
    1.0,
    0.9601,
    0.957
  ],
  "distances": [
    0.0,
    0.2191,
    0.2191,
    0.3111,
    0.4295,
    0.5808
  ],
  "times": [
    0.2,
    706.2,
    1415.2,
    2123.9,
    2835.2,
    3541.6
  ],
  "ray_tracing_calls": [
    0,
    30,
    60,
    90,
    120,
    150
  ],
  "final_coverage": 72.56,
  "final_f1": 0.7608,
  "final_distance": 0.5808,
  "total_time": 3541.6,
  "total_ray_calls": 150,
  "visibility_efficiency": 72.6,
  "coverage_auc": 44.88,
  "hausdorff_distance": 0.087435,
  "chamfer_distance": 0.015937,
  "coverage_efficiency": 124.93,
  "stagnation_count": 0,
  "first_detection_iter": 1,
  "views_to_threshold": {
    "views_to_25pct": 1,
    "views_to_50pct": 4,
    "views_to_75pct": null
  },
  "views_to_f1_threshold": 1,
  "coverage_at_key_iters": {
    "0": 0.0,
    "3": 47.88,
    "6": 72.56,
    "9": 72.56,
    "5": 72.56
  },
  "sigma_series": [
    0.0,
    0.043050020933151245,
    0.04206808656454086,
    0.04360007122159004,
    0.04470282047986984,
    0.047026507556438446
  ],
  "occluded_recall_series": [
    0.0,
    0.0,
    0.07344423906346273,
    0.09658040665434381,
    0.11977818853974122,
    0.13287122612446087
  ],
  "tp_series": [
    0,
    1187,
    2241,
    2093,
    1902,
    2824
  ],
  "fp_series": [
    0,
    0,
    0,
    0,
    79,
    127
  ],
  "fn_series": [
    0,
    10709,
    9654,
    8316,
    8444,
    6714
  ]
}