{
  "method": "GradientNBV",
  "occlusion": "frontal",
  "params": {
    "planner": "GradientNBV",
    "lr": 0.03,
    "trial": 0
  },
  "num_iters": 20,
  "coverages": [
    0.0,
    7.68,
    13.56,
    14.09,
    14.1,
    14.1,
    14.1,
    14.1,
    14.1,
    14.1,
    46.44,
    52.55,
    54.05,
    54.05,
    57.37,
    57.37,
    60.55,
    62.21,
    63.13,
    63.57,
    63.94
  ],
  "f1_scores": [
    0.0,
    0.0839,
    0.1739,
    0.1739,
    0.1739,
    0.1739,
    0.1739,
    0.1739,
    0.1739,
    0.1739,
    0.7265,
    0.7474,
    0.748,
    0.748,
    0.753,
    0.753,
    0.7695,
    0.7628,
    0.7465,
    0.7441,
    0.7587
  ],
  "recalls": [
    0.0,
    0.0438,
    0.0952,
    0.0952,
    0.0952,
    0.0952,
    0.0952,
    0.0952,
    0.0952,
    0.0952,
    0.5705,
    0.5968,
    0.5974,
    0.5974,
    0.6039,
    0.6039,
    0.6253,
    0.6195,
    0.5983,
    0.5951,
    0.6139
  ],
  "precisions": [
    0.0,
    1.0,
    1.0,
    1.0,
    1.0,
    1.0,
    1.0,
    1.0,
    1.0,
    1.0,
    1.0,
    0.9995,
    1.0,
    1.0,
    1.0,
    1.0,
    1.0,
    0.9924,
    0.9924,
    0.9928,
    0.9929
  ],
  "distances": [
    0.0,
    0.0519,
    0.0769,
    0.1012,
    0.1202,
    0.1411,
    0.1653,
    0.1893,
    0.2134,
    0.2372,
    0.2565,
    0.2674,
    0.2769,
    0.2769,
    0.316,
    0.316,
    0.345,
    0.3538,
    0.3671,
    0.3776,
    0.4045
  ],
  "times": [
    0.0,
    37.9,
    78.5,
    120.0,
    161.8,
    202.0,
    240.6,
    279.4,
    319.3,
    360.8,
    402.9,
    450.1,
    495.7,
    537.6,
    586.3,
    624.9,
    673.5,
    716.6,
    761.5,
    804.9,
    849.5
  ],
  "ray_tracing_calls": [
    0,
    1,
    2,
    3,
    4,
    5,
    6,
    7,
    8,
    9,
    10,
    11,
    12,
    13,
    14,
    15,
    16,
    17,
    18,
    19,
    20
  ],
  "final_coverage": 63.94,
  "final_f1": 0.7587,
  "final_distance": 0.4045,
  "total_time": 849.5,
  "total_ray_calls": 20,
  "visibility_efficiency": 63.9,
  "coverage_auc": 36.16,
  "hausdorff_distance": 0.087909,
  "chamfer_distance": 0.016747,
  "coverage_efficiency": 158.06,
  "stagnation_count": 8,
  "first_detection_iter": 1,
  "views_to_threshold": {
    "views_to_25pct": 10,
    "views_to_50pct": 11,
    "views_to_75pct": null
  },
  "views_to_f1_threshold": 2,
  "coverage_at_key_iters": {
    "0": 0.0,
    "3": 14.09,
    "6": 14.1,
    "9": 14.1,
    "12": 54.05
  },
  "tp_series": [
    0,
    6,
    77,
    69,
    69,
    69,
    69,
    69,
    69,
    69,
    1663,
    2066,
    2207,
    2207,
    1960,
    1960,
    2016,
    2092,
    2221,
    2221,
    2251
  ],
  "fp_series": [
    0,
    0,
    0,
    0,
    0,
    0,
    0,
    0,
    0,
    0,
    0,
    1,
    0,
    0,
    0,
    0,
    0,
    16,
    17,
    16,
    16
  ],
  "fn_series": [
    0,
    17414,
    16477,
    16477,
    16477,
    16477,
    16477,
    16477,
    16477,
    16477,
    7822,
    7342,
    7331,
    7331,
    7214,
    7214,
    6823,
    6929,
    7315,
    7374,
    7031
  ]
}