{
  "method": "GradientNBV",
  "occlusion": "none",
  "params": {
    "planner": "GradientNBV",
    "lr": 0.03,
    "trial": 3
  },
  "num_iters": 5,
  "coverages": [
    0.0,
    53.36,
    62.26,
    64.27,
    65.04,
    65.46
  ],
  "f1_scores": [
    0.0,
    0.7575,
    0.7853,
    0.7815,
    0.7824,
    0.7834
  ],
  "recalls": [
    0.0,
    0.6128,
    0.6491,
    0.6438,
    0.6446,
    0.6459
  ],
  "precisions": [
    0.0,
    0.9917,
    0.9939,
    0.9939,
    0.995,
    0.9955
  ],
  "distances": [
    0.0,
    0.0519,
    0.0772,
    0.1097,
    0.1356,
    0.1635
  ],
  "times": [
    0.0,
    34.4,
    74.8,
    115.3,
    154.6,
    192.2
  ],
  "ray_tracing_calls": [
    0,
    1,
    2,
    3,
    4,
    5
  ],
  "final_coverage": 65.46,
  "final_f1": 0.7834,
  "final_distance": 0.1635,
  "total_time": 192.2,
  "total_ray_calls": 5,
  "visibility_efficiency": 65.5,
  "coverage_auc": 55.53,
  "hausdorff_distance": 0.087782,
  "chamfer_distance": 0.016029,
  "coverage_efficiency": 400.25,
  "stagnation_count": 0,
  "first_detection_iter": 1,
  "views_to_threshold": {
    "views_to_25pct": 1,
    "views_to_50pct": 1,
    "views_to_75pct": null
  },
  "views_to_f1_threshold": 1,
  "coverage_at_key_iters": {
    "0": 0.0,
    "3": 64.27,
    "6": 65.46,
    "9": 65.46,
    "5": 65.46
  },
  "tp_series": [
    0,
    1922,
    2615,
    2628,
    3007,
    3304
  ],
  "fp_series": [
    0,
    16,
    16,
    16,
    15,
    15
  ],
  "fn_series": [
    0,
    7051,
    6391,
    6486,
    6472,
    6449
  ]
}