{
  "method": "GradientNBV",
  "occlusion": "none",
  "params": {
    "planner": "GradientNBV",
    "lr": 0.03,
    "trial": 0
  },
  "num_iters": 5,
  "coverages": [
    0.0,
    53.24,
    62.04,
    63.99,
    64.96,
    65.32
  ],
  "f1_scores": [
    0.0,
    0.7691,
    0.7949,
    0.7891,
    0.7884,
    0.7821
  ],
  "recalls": [
    0.0,
    0.6263,
    0.6606,
    0.6526,
    0.6515,
    0.6432
  ],
  "precisions": [
    0.0,
    0.9963,
    0.9976,
    0.9977,
    0.9982,
    0.9977
  ],
  "distances": [
    0.0,
    0.0519,
    0.0771,
    0.1095,
    0.136,
    0.1639
  ],
  "times": [
    0.0,
    34.8,
    68.3,
    101.9,
    134.9,
    170.5
  ],
  "ray_tracing_calls": [
    0,
    1,
    2,
    3,
    4,
    5
  ],
  "final_coverage": 65.32,
  "final_f1": 0.7821,
  "final_distance": 0.1639,
  "total_time": 170.5,
  "total_ray_calls": 5,
  "visibility_efficiency": 65.3,
  "coverage_auc": 55.38,
  "hausdorff_distance": 0.087795,
  "chamfer_distance": 0.016098,
  "coverage_efficiency": 398.5,
  "stagnation_count": 0,
  "first_detection_iter": 1,
  "views_to_threshold": {
    "views_to_25pct": 1,
    "views_to_50pct": 1,
    "views_to_75pct": null
  },
  "views_to_f1_threshold": 1,
  "coverage_at_key_iters": {
    "0": 0.0,
    "3": 63.99,
    "6": 65.32,
    "9": 65.32,
    "5": 65.32
  },
  "tp_series": [
    0,
    1909,
    2512,
    2613,
    3260,
    2556
  ],
  "fp_series": [
    0,
    7,
    6,
    6,
    6,
    6
  ],
  "fn_series": [
    0,
    6806,
    6181,
    6327,
    6346,
    6498
  ]
}