{
  "method": "Random",
  "occlusion": "frontal",
  "params": {
    "planner": "Random",
    "trial": 0,
    "seed": null
  },
  "num_iters": 20,
  "coverages": [
    0.0,
    8.08,
    13.43,
    13.43,
    18.9,
    18.9,
    19.23,
    19.23,
    19.23,
    19.23,
    19.23,
    19.23,
    19.23,
    19.23,
    19.23,
    19.27,
    19.27,
    19.27,
    19.27,
    19.27,
    19.27
  ],
  "f1_scores": [
    0.0,
    0.0,
    0.0799,
    0.0799,
    0.1599,
    0.1599,
    0.1599,
    0.1599,
    0.1599,
    0.1599,
    0.1599,
    0.1599,
    0.1599,
    0.1599,
    0.1599,
    0.1787,
    0.1787,
    0.1787,
    0.1787,
    0.1787,
    0.1787
  ],
  "recalls": [
    0.0,
    0,
    0.0416,
    0.0416,
    0.0869,
    0.0869,
    0.0869,
    0.0869,
    0.0869,
    0.0869,
    0.0869,
    0.0869,
    0.0869,
    0.0869,
    0.0869,
    0.0981,
    0.0981,
    0.0981,
    0.0981,
    0.0981,
    0.0981
  ],
  "precisions": [
    0.0,
    0,
    1.0,
    1.0,
    1.0,
    1.0,
    1.0,
    1.0,
    1.0,
    1.0,
    1.0,
    1.0,
    1.0,
    1.0,
    1.0,
    1.0,
    1.0,
    1.0,
    1.0,
    1.0,
    1.0
  ],
  "distances": [
    0.0,
    0.1,
    0.2,
    0.3,
    0.3695,
    0.4457,
    0.5442,
    0.5766,
    0.6766,
    0.6766,
    0.8155,
    0.9155,
    0.9855,
    1.0842,
    1.1842,
    1.2822,
    1.3189,
    1.3984,
    1.444,
    1.5282,
    1.5282
  ],
  "times": [
    0.0,
    11.0,
    20.1,
    30.1,
    38.2,
    45.8,
    54.0,
    63.2,
    71.2,
    72.3,
    80.4,
    88.9,
    97.7,
    107.7,
    116.6,
    123.8,
    133.5,
    142.9,
    151.2,
    157.0,
    162.4
  ],
  "ray_tracing_calls": [
    0,
    0,
    0,
    0,
    0,
    0,
    0,
    0,
    0,
    0,
    0,
    0,
    0,
    0,
    0,
    0,
    0,
    0,
    0,
    0,
    0
  ],
  "final_coverage": 19.27,
  "final_f1": 0.1787,
  "final_distance": 1.5282,
  "total_time": 162.4,
  "total_ray_calls": 0,
  "visibility_efficiency": 19.3,
  "coverage_auc": 17.59,
  "hausdorff_distance": 0.14491,
  "chamfer_distance": 0.038946,
  "coverage_efficiency": 12.61,
  "stagnation_count": 15,
  "first_detection_iter": 1,
  "views_to_threshold": {
    "views_to_25pct": null,
    "views_to_50pct": null,
    "views_to_75pct": null
  },
  "views_to_f1_threshold": 4,
  "coverage_at_key_iters": {
    "0": 0.0,
    "3": 13.43,
    "6": 19.23,
    "9": 19.23,
    "12": 19.23
  },
  "tp_series": [
    0,
    0,
    4,
    4,
    25,
    25,
    25,
    25,
    25,
    25,
    25,
    25,
    25,
    25,
    25,
    27,
    27,
    27,
    27,
    27,
    27
  ],
  "fp_series": [
    0,
    0,
    0,
    0,
    0,
    0,
    0,
    0,
    0,
    0,
    0,
    0,
    0,
    0,
    0,
    0,
    0,
    0,
    0,
    0,
    0
  ],
  "fn_series": [
    0,
    0,
    17453,
    17453,
    16628,
    16628,
    16628,
    16628,
    16628,
    16628,
    16628,
    16628,
    16628,
    16628,
    16628,
    16424,
    16424,
    16424,
    16424,
    16424,
    16424
  ],
  "sigma_series": [
    0.0,
    0.0,
    0.003817507531493902,
    0.003817507531493902,
    0.04251675680279732,
    0.04251675680279732,
    0.04251675680279732,
    0.04251675680279732,
    0.04251675680279732,
    0.04251675680279732,
    0.04251675680279732,
    0.04251675680279732,
    0.04251675680279732,
    0.04251675680279732,
    0.04251675680279732,
    0.04067821428179741,
    0.04067821428179741,
    0.04067821428179741,
    0.04067821428179741,
    0.04067821428179741,
    0.04067821428179741
  ],
  "occluded_recall_series": [
    0.0,
    0.0,
    0.0009458369265863632,
    0.0009458369265863632,
    0.007093776949397724,
    0.007093776949397724,
    0.007093776949397724,
    0.007093776949397724,
    0.007093776949397724,
    0.007093776949397724,
    0.007093776949397724,
    0.007093776949397724,
    0.007093776949397724,
    0.007093776949397724,
    0.007093776949397724,
    0.007650151612095585,
    0.007650151612095585,
    0.007650151612095585,
    0.007650151612095585,
    0.007650151612095585,
    0.007650151612095585
  ]
}