{
  "method": "RH-NBV",
  "occlusion": "none",
  "params": {
    "horizon": 3,
    "num_candidates": 10,
    "lambda_cost": 2.0,
    "discount": 0.85,
    "step_size": 0.065,
    "use_spherical_bounds": true,
    "occlusion_bonus": 0.0,
    "trial": 0,
    "seed": 42
  },
  "num_iters": 20,
  "coverages": [
    0.0,
    48.57,
    61.79,
    64.26,
    66.18,
    70.12,
    70.82,
    71.12,
    71.74,
    73.78,
    74.47,
    74.89,
    75.06,
    75.47,
    75.53,
    78.45,
    78.6,
    78.61,
    78.83,
    79.18,
    79.34
  ],
  "f1_scores": [
    0.0,
    0.7505,
    0.7486,
    0.8093,
    0.8084,
    0.8385,
    0.8433,
    0.8273,
    0.8427,
    0.8431,
    0.8435,
    0.8249,
    0.8277,
    0.8348,
    0.8279,
    0.8218,
    0.7997,
    0.8514,
    0.8629,
    0.8015,
    0.8185
  ],
  "recalls": [
    0.0,
    0.6026,
    0.6045,
    0.6904,
    0.6871,
    0.732,
    0.7396,
    0.7135,
    0.7381,
    0.7356,
    0.736,
    0.7131,
    0.7161,
    0.7232,
    0.7133,
    0.7123,
    0.6827,
    0.7641,
    0.7843,
    0.6873,
    0.7086
  ],
  "precisions": [
    0.0,
    0.9946,
    0.9829,
    0.9776,
    0.9818,
    0.9813,
    0.981,
    0.9843,
    0.982,
    0.9873,
    0.9876,
    0.9782,
    0.9804,
    0.9871,
    0.9866,
    0.9712,
    0.9652,
    0.9612,
    0.959,
    0.9613,
    0.9687
  ],
  "distances": [
    0.0,
    0.0242,
    0.208,
    0.2607,
    0.307,
    0.4138,
    0.4335,
    0.4485,
    0.4836,
    0.7122,
    0.9767,
    0.9992,
    1.0293,
    1.2316,
    1.2318,
    1.5298,
    1.5298,
    1.5468,
    1.5696,
    1.5885,
    1.8613
  ],
  "times": [
    0.5,
    680.3,
    1383.8,
    2103.8,
    2781.9,
    3419.8,
    4081.1,
    4729.0,
    5368.3,
    6005.6,
    6683.6,
    7299.2,
    7916.8,
    8549.8,
    9151.5,
    9753.9,
    10379.5,
    10999.1,
    11610.7,
    12235.3,
    12885.5
  ],
  "ray_tracing_calls": [
    0,
    30,
    60,
    90,
    120,
    150,
    180,
    210,
    240,
    270,
    300,
    330,
    360,
    390,
    420,
    450,
    480,
    510,
    540,
    570,
    600
  ],
  "final_coverage": 79.34,
  "final_f1": 0.8185,
  "final_distance": 1.8613,
  "total_time": 12885.5,
  "total_ray_calls": 600,
  "visibility_efficiency": 79.3,
  "coverage_auc": 70.36,
  "hausdorff_distance": 0.086319,
  "chamfer_distance": 0.013874,
  "coverage_efficiency": 42.63,
  "stagnation_count": 0,
  "first_detection_iter": 1,
  "views_to_threshold": {
    "views_to_25pct": 1,
    "views_to_50pct": 2,
    "views_to_75pct": 12
  },
  "views_to_f1_threshold": 1,
  "coverage_at_key_iters": {
    "0": 0.0,
    "3": 64.26,
    "6": 70.82,
    "9": 73.78,
    "12": 75.06
  },
  "sigma_series": [
    0.0,
    0.05084966495633125,
    0.04934503883123398,
    0.0444655641913414,
    0.04784281179308891,
    0.046396516263484955,
    0.0458391010761261,
    0.04909009858965874,
    0.04684481769800186,
    0.04887416958808899,
    0.05051083862781525,
    0.04937398061156273,
    0.05026187375187874,
    0.05298767611384392,
    0.05267741531133652,
    0.054259978234767914,
    0.05472922697663307,
    0.05456401780247688,
    0.05023503676056862,
    0.05177834630012512,
    0.05370093137025833
  ],
  "occluded_recall_series": [
    0.0,
    0.0,
    0.02528867258326176,
    0.042720361357635905,
    0.05547603142793524,
    0.064859878487133,
    0.06975856474854471,
    0.0655596908101918,
    0.06683207685211694,
    0.09924611127015937,
    0.11766389922702548,
    0.12625250501002003,
    0.12408944873874733,
    0.12351687501988103,
    0.12361230397302542,
    0.1316601456882018,
    0.13849922066354933,
    0.1435887648312498,
    0.16315170022584852,
    0.1678913382320196,
    0.17237649902980565
  ],
  "tp_series": [
    0,
    1832,
    2190,
    1662,
    2268,
    2305,
    2272,
    2817,
    2450,
    3503,
    3578,
    2016,
    2256,
    3432,
    3303,
    3503,
    3414,
    3522,
    3324,
    3253,
    4056
  ],
  "fp_series": [
    0,
    10,
    38,
    38,
    42,
    44,
    44,
    45,
    45,
    45,
    45,
    45,
    45,
    45,
    45,
    104,
    123,
    142,
    142,
    131,
    131
  ],
  "fn_series": [
    0,
    7237,
    7202,
    5638,
    5698,
    4881,
    4743,
    5218,
    4770,
    4815,
    4807,
    5224,
    5170,
    5040,
    5222,
    5240,
    5779,
    4296,
    3929,
    5695,
    5306
  ]
}