{
  "method": "RH-NBV",
  "occlusion": "well",
  "params": {
    "horizon": 3,
    "num_candidates": 10,
    "lambda_cost": 2.0,
    "discount": 0.85,
    "step_size": 0.065,
    "use_spherical_bounds": false,
    "occlusion_bonus": 2.0,
    "trial": 0,
    "seed": 42
  },
  "num_iters": 5,
  "coverages": [
    0.0,
    7.54,
    16.81,
    28.35,
    39.3,
    39.3
  ],
  "f1_scores": [
    0.0,
    0.099,
    0.1707,
    0.2628,
    0.3228,
    0.3228
  ],
  "recalls": [
    0.0,
    0.0521,
    0.0933,
    0.1513,
    0.1925,
    0.1925
  ],
  "precisions": [
    0.0,
    1.0,
    1.0,
    1.0,
    1.0,
    1.0
  ],
  "distances": [
    0.0,
    0.2081,
    0.2337,
    0.3388,
    0.3756,
    0.6626
  ],
  "times": [
    0.3,
    527.1,
    991.9,
    1440.6,
    1896.2,
    2370.0
  ],
  "ray_tracing_calls": [
    0,
    30,
    60,
    90,
    120,
    150
  ],
  "final_coverage": 39.3,
  "final_f1": 0.3228,
  "final_distance": 0.6626,
  "total_time": 2370.0,
  "total_ray_calls": 150,
  "visibility_efficiency": 39.3,
  "coverage_auc": 22.33,
  "hausdorff_distance": 0.151613,
  "chamfer_distance": 0.038144,
  "coverage_efficiency": 59.3,
  "stagnation_count": 1,
  "first_detection_iter": 1,
  "views_to_threshold": {
    "views_to_25pct": 3,
    "views_to_50pct": null,
    "views_to_75pct": null
  },
  "views_to_f1_threshold": 2,
  "coverage_at_key_iters": {
    "0": 0.0,
    "3": 28.35,
    "6": 39.3,
    "9": 39.3,
    "5": 39.3
  },
  "sigma_series": [
    0.0,
    0.005717101506888866,
    0.01685372181236744,
    0.02434857375919819,
    0.027472691610455513,
    0.027472691610455513
  ],
  "occluded_recall_series": [
    0.0,
    0.0,
    0.013490537112913566,
    0.024890598433536807,
    0.02974050227165036,
    0.02974050227165036
  ],
  "tp_series": [
    0,
    17,
    96,
    281,
    399,
    399
  ],
  "fp_series": [
    0,
    0,
    0,
    0,
    0,
    0
  ],
  "fn_series": [
    0,
    17263,
    16512,
    15456,
    14706,
    14706
  ]
}