{
  "method": "RH-NBV",
  "occlusion": "none",
  "params": {
    "horizon": 3,
    "num_candidates": 10,
    "lambda_cost": 2.0,
    "discount": 0.85,
    "step_size": 0.12,
    "use_spherical_bounds": true,
    "trial": 0,
    "seed": 42
  },
  "num_iters": 5,
  "coverages": [
    0.0,
    51.29,
    68.29,
    70.88,
    72.89,
    73.01
  ],
  "f1_scores": [
    0.0,
    0.7753,
    0.7932,
    0.8311,
    0.8528,
    0.8521
  ],
  "recalls": [
    0.0,
    0.636,
    0.6692,
    0.7223,
    0.7559,
    0.7538
  ],
  "precisions": [
    0.0,
    0.9926,
    0.9738,
    0.9785,
    0.9784,
    0.9797
  ],
  "distances": [
    0.0,
    0.0447,
    0.1528,
    0.1931,
    0.2605,
    0.3427
  ],
  "times": [
    0.3,
    531.7,
    1046.5,
    1555.8,
    2131.7,
    2673.4
  ],
  "ray_tracing_calls": [
    0,
    30,
    60,
    90,
    120,
    150
  ],
  "final_coverage": 73.01,
  "final_f1": 0.8521,
  "final_distance": 0.3427,
  "total_time": 2673.4,
  "total_ray_calls": 150,
  "visibility_efficiency": 73.0,
  "coverage_auc": 59.97,
  "hausdorff_distance": 0.088311,
  "chamfer_distance": 0.015295,
  "coverage_efficiency": 213.05,
  "stagnation_count": 0,
  "first_detection_iter": 1,
  "views_to_threshold": {
    "views_to_25pct": 1,
    "views_to_50pct": 1,
    "views_to_75pct": null
  },
  "views_to_f1_threshold": 1,
  "coverage_at_key_iters": {
    "0": 0.0,
    "3": 70.88,
    "6": 73.01,
    "9": 73.01,
    "5": 73.01
  },
  "sigma_series": [
    0.0,
    0.05255458131432533,
    0.050380632281303406,
    0.046181343495845795,
    0.04665723815560341,
    0.04970880597829819
  ],
  "occluded_recall_series": [
    0.0,
    0.0,
    0.04910015024134514,
    0.09717738068599559,
    0.09887159159927117,
    0.10264360834958285
  ],
  "tp_series": [
    0,
    1879,
    2338,
    2864,
    2850,
    3045
  ],
  "fp_series": [
    0,
    14,
    63,
    63,
    63,
    63
  ],
  "fn_series": [
    0,
    6629,
    6025,
    5057,
    4446,
    4483
  ]
}