{
  "method": "RH-NBV",
  "occlusion": "complex3",
  "params": {
    "horizon": 3,
    "num_candidates": 10,
    "lambda_cost": 2.0,
    "discount": 0.85,
    "step_size": 0.12,
    "use_spherical_bounds": true,
    "trial": 0,
    "seed": 42
  },
  "num_iters": 5,
  "coverages": [
    0.0,
    1.83,
    25.92,
    29.07,
    29.94,
    49.32
  ],
  "f1_scores": [
    0.0,
    0.0,
    0.0,
    0.0,
    0.0,
    0.0
  ],
  "recalls": [
    0.0,
    0.0,
    0.0,
    0.0,
    0.0,
    0.0
  ],
  "precisions": [
    0.0,
    0.0,
    0.0,
    0.0,
    0.0,
    0.0
  ],
  "distances": [
    0.0,
    0.0447,
    0.2278,
    0.3075,
    0.3418,
    0.6256
  ],
  "times": [
    0.3,
    436.4,
    869.8,
    1295.0,
    1722.4,
    2144.0
  ],
  "ray_tracing_calls": [
    0,
    30,
    60,
    90,
    120,
    150
  ],
  "final_coverage": 49.32,
  "final_f1": 0.0,
  "final_distance": 0.6256,
  "total_time": 2144.0,
  "total_ray_calls": 150,
  "visibility_efficiency": 49.3,
  "coverage_auc": 22.28,
  "hausdorff_distance": 0.109597,
  "chamfer_distance": 0.036355,
  "coverage_efficiency": 78.84,
  "stagnation_count": 0,
  "first_detection_iter": 1,
  "views_to_threshold": {
    "views_to_25pct": 2,
    "views_to_50pct": null,
    "views_to_75pct": null
  },
  "views_to_f1_threshold": null,
  "coverage_at_key_iters": {
    "0": 0.0,
    "3": 29.07,
    "6": 49.32,
    "9": 49.32,
    "5": 49.32
  },
  "sigma_series": [
    0.0,
    0.0,
    0.016140863299369812,
    0.016140863299369812,
    0.016226116567850113,
    0.02028772048652172
  ],
  "occluded_recall_series": [
    0.0,
    0.0,
    0.041855928661000415,
    0.09772885606799499,
    0.12144350006966699,
    0.14978403232548418
  ],
  "tp_series": [
    0,
    0,
    0,
    0,
    0,
    0
  ],
  "fp_series": [
    0,
    0,
    200,
    200,
    215,
    113
  ],
  "fn_series": [
    0,
    0,
    2246,
    2246,
    2246,
    2246
  ]
}