{
  "method": "RH-NBV",
  "occlusion": "half_box",
  "params": {
    "horizon": 3,
    "num_candidates": 10,
    "lambda_cost": 2.0,
    "discount": 0.85,
    "step_size": 0.12,
    "use_spherical_bounds": true,
    "trial": 3,
    "seed": 45
  },
  "num_iters": 5,
  "coverages": [
    0.0,
    61.83,
    71.23,
    71.77,
    73.54,
    73.79
  ],
  "f1_scores": [
    0.0,
    0.7898,
    0.7893,
    0.8318,
    0.8487,
    0.8283
  ],
  "recalls": [
    0.0,
    0.6526,
    0.6666,
    0.727,
    0.7542,
    0.722
  ],
  "precisions": [
    0.0,
    1.0,
    0.9672,
    0.9717,
    0.9703,
    0.9713
  ],
  "distances": [
    0.0,
    0.0447,
    0.1379,
    0.1787,
    0.2439,
    0.3214
  ],
  "times": [
    0.3,
    681.1,
    1378.8,
    2064.8,
    2753.9,
    3427.3
  ],
  "ray_tracing_calls": [
    0,
    30,
    60,
    90,
    120,
    150
  ],
  "final_coverage": 73.79,
  "final_f1": 0.8283,
  "final_distance": 0.3214,
  "total_time": 3427.3,
  "total_ray_calls": 150,
  "visibility_efficiency": 73.8,
  "coverage_auc": 63.05,
  "hausdorff_distance": 0.08799,
  "chamfer_distance": 0.015408,
  "coverage_efficiency": 229.57,
  "stagnation_count": 0,
  "first_detection_iter": 1,
  "views_to_threshold": {
    "views_to_25pct": 1,
    "views_to_50pct": 1,
    "views_to_75pct": null
  },
  "views_to_f1_threshold": 1,
  "coverage_at_key_iters": {
    "0": 0.0,
    "3": 71.77,
    "6": 73.79,
    "9": 73.79,
    "5": 73.79
  },
  "sigma_series": [
    0.0,
    0.049115877598524094,
    0.05186157673597336,
    0.046073347330093384,
    0.04678209871053696,
    0.05100008845329285
  ],
  "occluded_recall_series": [
    0.0,
    0.0,
    0.06011887362369678,
    0.06622495046932346,
    0.06762155315209978,
    0.07876189548215272
  ],
  "tp_series": [
    0,
    1769,
    2328,
    2714,
    2644,
    2807
  ],
  "fp_series": [
    0,
    0,
    79,
    79,
    81,
    83
  ],
  "fn_series": [
    0,
    6326,
    6071,
    4971,
    4476,
    5063
  ]
}