{
  "method": "GradientNBV",
  "occlusion": "none",
  "params": {
    "planner": "GradientNBV",
    "lr": 0.03,
    "trial": 0,
    "seed": null
  },
  "num_iters": 5,
  "coverages": [
    0.0,
    3.83,
    15.58,
    17.89,
    17.89,
    17.89
  ],
  "f1_scores": [
    0.0,
    0.1908,
    0.0814,
    0.0814,
    0.0814,
    0.0814
  ],
  "recalls": [
    0.0,
    0.1277,
    0.046,
    0.046,
    0.046,
    0.046
  ],
  "precisions": [
    0.0,
    0.3777,
    0.3519,
    0.3531,
    0.3531,
    0.3531
  ],
  "distances": [
    0.0,
    0.0519,
    0.0751,
    0.1025,
    0.1241,
    0.1241
  ],
  "times": [
    0.0,
    16.5,
    34.9,
    49.5,
    64.1,
    80.9
  ],
  "ray_tracing_calls": [
    0,
    1,
    2,
    3,
    4,
    5
  ],
  "final_coverage": 17.89,
  "final_f1": 0.0814,
  "final_distance": 0.1241,
  "total_time": 80.9,
  "total_ray_calls": 5,
  "visibility_efficiency": 17.9,
  "coverage_auc": 12.83,
  "hausdorff_distance": 0.135938,
  "chamfer_distance": 0.041743,
  "coverage_efficiency": 144.13,
  "stagnation_count": 2,
  "first_detection_iter": 1,
  "views_to_threshold": {
    "views_to_25pct": null,
    "views_to_50pct": null,
    "views_to_75pct": null
  },
  "views_to_f1_threshold": 1,
  "coverage_at_key_iters": {
    "0": 0.0,
    "3": 17.89,
    "6": 17.89,
    "9": 17.89,
    "5": 17.89
  },
  "tp_series": [
    0,
    355,
    101,
    101,
    101,
    101
  ],
  "fp_series": [
    0,
    585,
    186,
    185,
    185,
    185
  ],
  "fn_series": [
    0,
    15886,
    17373,
    17373,
    17373,
    17373
  ],
  "sigma_series": [
    0.0,
    0.049803201109170914,
    0.04347272217273712,
    0.04322757571935654,
    0.04322757571935654,
    0.04322757571935654
  ],
  "occluded_recall_series": [
    0.0,
    0.0,
    0.13321779964221825,
    0.17813618067978534,
    0.17813618067978534,
    0.17813618067978534
  ]
}