{
  "method": "GradientNBV",
  "occlusion": "well",
  "params": {
    "planner": "GradientNBV",
    "lr": 0.03,
    "trial": 1
  },
  "num_iters": 20,
  "coverages": [
    0.0,
    0.0,
    0.81,
    0.81,
    0.81,
    0.81,
    0.81,
    0.81,
    0.81,
    0.81,
    0.81,
    0.81,
    0.81,
    0.81,
    0.81,
    0.81,
    0.81,
    0.81,
    0.81,
    0.82,
    1.24
  ],
  "f1_scores": [
    0.0,
    0.0,
    0.0,
    0.0,
    0.0,
    0.0,
    0.0,
    0.0,
    0.0,
    0.0,
    0.0,
    0.0,
    0.0,
    0.0,
    0.0,
    0.0,
    0.0,
    0.0,
    0.0,
    0.0,
    0.1022
  ],
  "recalls": [
    0.0,
    0,
    0,
    0,
    0,
    0,
    0,
    0,
    0,
    0,
    0,
    0,
    0,
    0,
    0,
    0,
    0,
    0,
    0,
    0,
    0.0539
  ],
  "precisions": [
    0.0,
    0,
    0,
    0,
    0,
    0,
    0,
    0,
    0,
    0,
    0,
    0,
    0,
    0,
    0,
    0,
    0,
    0,
    0,
    0,
    1.0
  ],
  "distances": [
    0.0,
    0.0519,
    0.0863,
    0.1183,
    0.1446,
    0.1668,
    0.186,
    0.196,
    0.2049,
    0.2128,
    0.2263,
    0.2383,
    0.2505,
    0.2616,
    0.2714,
    0.2821,
    0.2978,
    0.326,
    0.3602,
    0.3913,
    0.419
  ],
  "times": [
    0.0,
    42.9,
    87.8,
    132.0,
    178.5,
    224.3,
    270.6,
    316.4,
    880.0,
    931.3,
    979.0,
    1027.8,
    1078.7,
    1126.5,
    1174.7,
    1221.6,
    1265.8,
    1312.3,
    1357.7,
    1403.6,
    1449.8
  ],
  "ray_tracing_calls": [
    0,
    1,
    2,
    3,
    4,
    5,
    6,
    7,
    8,
    9,
    10,
    11,
    12,
    13,
    14,
    15,
    16,
    17,
    18,
    19,
    20
  ],
  "final_coverage": 1.24,
  "final_f1": 0.1022,
  "final_distance": 0.419,
  "total_time": 1449.8,
  "total_ray_calls": 20,
  "visibility_efficiency": 1.2,
  "coverage_auc": 0.76,
  "hausdorff_distance": 0.180953,
  "chamfer_distance": 0.036988,
  "coverage_efficiency": 2.97,
  "stagnation_count": 17,
  "first_detection_iter": 2,
  "views_to_threshold": {
    "views_to_25pct": null,
    "views_to_50pct": null,
    "views_to_75pct": null
  },
  "views_to_f1_threshold": 20,
  "coverage_at_key_iters": {
    "0": 0.0,
    "3": 0.81,
    "6": 0.81,
    "9": 0.81,
    "12": 0.81
  },
  "tp_series": [
    0,
    0,
    0,
    0,
    0,
    0,
    0,
    0,
    0,
    0,
    0,
    0,
    0,
    0,
    0,
    0,
    0,
    0,
    0,
    0,
    43
  ],
  "fp_series": [
    0,
    0,
    0,
    0,
    0,
    0,
    0,
    0,
    0,
    0,
    0,
    0,
    0,
    0,
    0,
    0,
    0,
    0,
    0,
    0,
    0
  ],
  "fn_series": [
    0,
    0,
    0,
    0,
    0,
    0,
    0,
    0,
    0,
    0,
    0,
    0,
    0,
    0,
    0,
    0,
    0,
    0,
    0,
    0,
    17230
  ]
}