{
  "method": "RH-NBV",
  "occlusion": "frontal",
  "params": {
    "horizon": 3,
    "num_candidates": 10,
    "lambda_cost": 2.0,
    "discount": 0.85,
    "step_size": 0.12,
    "use_spherical_bounds": true,
    "trial": 1,
    "seed": 43
  },
  "num_iters": 20,
  "coverages": [
    0.0,
    0.0,
    35.3,
    50.9,
    54.63,
    56.61,
    56.8,
    56.95,
    57.12,
    60.45,
    60.45,
    60.45,
    63.07,
    65.4,
    65.45,
    73.05,
    73.37,
    73.39,
    73.43,
    73.46,
    73.47
  ],
  "f1_scores": [
    0.0,
    0.0,
    0.4675,
    0.6101,
    0.6417,
    0.6538,
    0.6523,
    0.6564,
    0.6545,
    0.7032,
    0.7032,
    0.7032,
    0.7492,
    0.7774,
    0.7789,
    0.7652,
    0.7558,
    0.7551,
    0.8022,
    0.808,
    0.8084
  ],
  "recalls": [
    0.0,
    0.0,
    0.3091,
    0.4463,
    0.4797,
    0.4928,
    0.49,
    0.4952,
    0.4933,
    0.5505,
    0.5505,
    0.5505,
    0.606,
    0.6431,
    0.645,
    0.6379,
    0.6277,
    0.6273,
    0.6924,
    0.7009,
    0.7016
  ],
  "precisions": [
    0.0,
    0.0,
    0.9588,
    0.9639,
    0.9692,
    0.9712,
    0.9755,
    0.9732,
    0.9721,
    0.9731,
    0.9731,
    0.9731,
    0.9812,
    0.9827,
    0.983,
    0.956,
    0.9494,
    0.9485,
    0.9535,
    0.9537,
    0.9536
  ],
  "distances": [
    0.0,
    0.0447,
    0.2164,
    0.296,
    0.3696,
    0.4388,
    0.5569,
    0.618,
    0.6827,
    0.9291,
    0.9291,
    0.9291,
    1.1975,
    1.3989,
    1.402,
    1.6708,
    1.6708,
    1.6708,
    1.702,
    1.7219,
    2.0185
  ],
  "times": [
    0.3,
    671.9,
    1346.4,
    1995.0,
    2614.2,
    3243.1,
    3865.3,
    4510.9,
    5116.2,
    5760.3,
    6413.3,
    7033.8,
    7705.9,
    8356.5,
    9003.1,
    9649.1,
    10265.1,
    10836.1,
    11445.0,
    12045.6,
    12668.8
  ],
  "ray_tracing_calls": [
    0,
    30,
    60,
    90,
    120,
    150,
    180,
    210,
    240,
    270,
    300,
    330,
    360,
    390,
    420,
    450,
    480,
    510,
    540,
    570,
    600
  ],
  "final_coverage": 73.47,
  "final_f1": 0.8084,
  "final_distance": 2.0185,
  "total_time": 12668.8,
  "total_ray_calls": 600,
  "visibility_efficiency": 73.5,
  "coverage_auc": 57.35,
  "hausdorff_distance": 0.087787,
  "chamfer_distance": 0.014878,
  "coverage_efficiency": 36.4,
  "stagnation_count": 4,
  "first_detection_iter": 2,
  "views_to_threshold": {
    "views_to_25pct": 2,
    "views_to_50pct": 3,
    "views_to_75pct": null
  },
  "views_to_f1_threshold": 2,
  "coverage_at_key_iters": {
    "0": 0.0,
    "3": 50.9,
    "6": 56.8,
    "9": 60.45,
    "12": 63.07
  },
  "sigma_series": [
    0.0,
    0.0,
    0.03978924825787544,
    0.039893265813589096,
    0.03728857636451721,
    0.03872410207986832,
    0.040134839713573456,
    0.03889446705579758,
    0.03953948989510536,
    0.04202013462781906,
    0.04202013462781906,
    0.04202013462781906,
    0.04592257738113403,
    0.049018461257219315,
    0.04984370991587639,
    0.056355953216552734,
    0.0559597909450531,
    0.0558575801551342,
    0.05707380548119545,
    0.05670222267508507,
    0.05688605457544327
  ],
  "occluded_recall_series": [
    0.0,
    0.0,
    0.05227139956046402,
    0.06771079645032965,
    0.07683534091857457,
    0.07725262191559797,
    0.08977105182629982,
    0.09761593457033967,
    0.1027067627340251,
    0.11911981528361199,
    0.11911981528361199,
    0.11911981528361199,
    0.15631346148496397,
    0.1717806771079645,
    0.17411745069129553,
    0.2093081481069352,
    0.21125545942637772,
    0.21039307869919605,
    0.22171530308509751,
    0.22038000389462264,
    0.22246640887973962
  ],
  "tp_series": [
    0,
    0,
    628,
    988,
    1163,
    1282,
    1514,
    1382,
    1325,
    1375,
    1375,
    1375,
    1982,
    2156,
    2198,
    2345,
    2329,
    2320,
    2929,
    2946,
    2939
  ],
  "fp_series": [
    0,
    0,
    27,
    37,
    37,
    38,
    38,
    38,
    38,
    38,
    38,
    38,
    38,
    38,
    38,
    108,
    124,
    126,
    143,
    143,
    143
  ],
  "fn_series": [
    0,
    0,
    12582,
    10084,
    9476,
    9237,
    9288,
    9193,
    9227,
    8185,
    8185,
    8185,
    7176,
    6500,
    6465,
    6594,
    6780,
    6788,
    5601,
    5446,
    5435
  ]
}