{
  "method": "RH-NBV",
  "occlusion": "frontal",
  "params": {
    "horizon": 3,
    "num_candidates": 10,
    "lambda_cost": 2.0,
    "discount": 0.85,
    "step_size": 0.065,
    "use_spherical_bounds": false,
    "occlusion_bonus": 2.0,
    "trial": 0,
    "seed": 42
  },
  "num_iters": 20,
  "coverages": [
    0.0,
    54.71,
    56.59,
    65.8,
    68.98,
    68.98,
    69.31,
    69.4,
    69.49,
    71.15,
    71.49,
    71.59,
    71.66,
    71.7,
    71.7,
    71.7,
    71.73,
    72.03,
    72.1,
    72.13,
    72.39
  ],
  "f1_scores": [
    0.0,
    0.5378,
    0.585,
    0.6359,
    0.6749,
    0.6749,
    0.7232,
    0.7283,
    0.7242,
    0.7703,
    0.7766,
    0.7751,
    0.7661,
    0.7663,
    0.7623,
    0.7629,
    0.763,
    0.7623,
    0.7733,
    0.7672,
    0.7853
  ],
  "recalls": [
    0.0,
    0.368,
    0.4137,
    0.4686,
    0.5214,
    0.5214,
    0.5814,
    0.585,
    0.5803,
    0.6399,
    0.6491,
    0.648,
    0.6354,
    0.6359,
    0.6297,
    0.6297,
    0.6324,
    0.6297,
    0.6428,
    0.6363,
    0.6603
  ],
  "precisions": [
    0.0,
    0.9986,
    0.9989,
    0.9888,
    0.9564,
    0.9564,
    0.9566,
    0.9646,
    0.963,
    0.9673,
    0.9666,
    0.9645,
    0.9644,
    0.9641,
    0.9656,
    0.9676,
    0.9614,
    0.9656,
    0.9703,
    0.9658,
    0.9689
  ],
  "distances": [
    0.0,
    0.2081,
    0.258,
    0.3387,
    0.3755,
    0.3755,
    0.6506,
    0.7054,
    0.765,
    1.064,
    1.1272,
    1.1831,
    1.2284,
    1.2646,
    1.5007,
    1.5392,
    1.5992,
    1.6296,
    1.9522,
    2.0309,
    2.2399
  ],
  "times": [
    0.4,
    632.7,
    1237.6,
    1862.8,
    2472.3,
    3067.4,
    3677.2,
    4287.1,
    4911.5,
    5522.3,
    6116.9,
    6719.4,
    7319.5,
    7915.6,
    8536.5,
    9158.1,
    9736.2,
    10307.3,
    10861.7,
    11406.0,
    11954.8
  ],
  "ray_tracing_calls": [
    0,
    30,
    60,
    90,
    120,
    150,
    180,
    210,
    240,
    270,
    300,
    330,
    360,
    390,
    420,
    450,
    480,
    510,
    540,
    570,
    600
  ],
  "final_coverage": 72.39,
  "final_f1": 0.7853,
  "final_distance": 2.2399,
  "total_time": 11954.8,
  "total_ray_calls": 600,
  "visibility_efficiency": 72.4,
  "coverage_auc": 67.42,
  "hausdorff_distance": 0.085585,
  "chamfer_distance": 0.015462,
  "coverage_efficiency": 32.32,
  "stagnation_count": 3,
  "first_detection_iter": 1,
  "views_to_threshold": {
    "views_to_25pct": 1,
    "views_to_50pct": 1,
    "views_to_75pct": null
  },
  "views_to_f1_threshold": 1,
  "coverage_at_key_iters": {
    "0": 0.0,
    "3": 65.8,
    "6": 69.31,
    "9": 71.15,
    "12": 71.66
  },
  "sigma_series": [
    0.0,
    0.05878802388906479,
    0.059910207986831665,
    0.06013862043619156,
    0.055549874901771545,
    0.055549874901771545,
    0.049690283834934235,
    0.054739467799663544,
    0.052874621003866196,
    0.05417034029960632,
    0.05336049944162369,
    0.052622441202402115,
    0.05285121500492096,
    0.05217022821307182,
    0.052993785589933395,
    0.054268598556518555,
    0.05367908999323845,
    0.05480378493666649,
    0.05407193303108215,
    0.05413497984409332,
    0.05417700484395027
  ],
  "occluded_recall_series": [
    0.0,
    0.0,
    0.022603000087721863,
    0.04155092254159479,
    0.051872861779584195,
    0.051872861779584195,
    0.058452001520512296,
    0.07272142460305857,
    0.06584987865142256,
    0.13395128512529605,
    0.15719757887657534,
    0.16409836544928214,
    0.16585280271352965,
    0.17058978332699787,
    0.17006345214772361,
    0.17295827363373198,
    0.17263662680195327,
    0.17503435772975817,
    0.20506447556946109,
    0.20266674464165618,
    0.21307640574285797
  ],
  "tp_series": [
    0,
    716,
    929,
    1233,
    1558,
    1558,
    1564,
    1936,
    1849,
    2100,
    2057,
    1927,
    1923,
    1904,
    1994,
    2118,
    1793,
    1880,
    2190,
    1891,
    2084
  ],
  "fp_series": [
    0,
    1,
    1,
    14,
    71,
    71,
    71,
    71,
    71,
    71,
    71,
    71,
    71,
    71,
    71,
    71,
    72,
    67,
    67,
    67,
    67
  ],
  "fn_series": [
    0,
    11509,
    10678,
    9677,
    8715,
    8715,
    7623,
    7557,
    7643,
    6557,
    6391,
    6411,
    6640,
    6630,
    6743,
    6743,
    6694,
    6744,
    6505,
    6623,
    6187
  ]
}