{
  "method": "RH-NBV",
  "occlusion": "none",
  "params": {
    "horizon": 3,
    "num_candidates": 10,
    "lambda_cost": 2.0,
    "discount": 0.85,
    "step_size": 0.12,
    "use_spherical_bounds": true,
    "trial": 3,
    "seed": 45
  },
  "num_iters": 5,
  "coverages": [
    0.0,
    53.38,
    68.88,
    70.56,
    72.47,
    72.6
  ],
  "f1_scores": [
    0.0,
    0.7989,
    0.8028,
    0.8336,
    0.8557,
    0.8524
  ],
  "recalls": [
    0.0,
    0.6651,
    0.6822,
    0.7257,
    0.7606,
    0.7539
  ],
  "precisions": [
    0.0,
    1.0,
    0.9754,
    0.9793,
    0.9779,
    0.9803
  ],
  "distances": [
    0.0,
    0.0447,
    0.1379,
    0.1787,
    0.2439,
    0.3214
  ],
  "times": [
    0.3,
    561.2,
    1121.1,
    1679.4,
    2240.1,
    2801.5
  ],
  "ray_tracing_calls": [
    0,
    30,
    60,
    90,
    120,
    150
  ],
  "final_coverage": 72.6,
  "final_f1": 0.8524,
  "final_distance": 0.3214,
  "total_time": 2801.5,
  "total_ray_calls": 150,
  "visibility_efficiency": 72.6,
  "coverage_auc": 60.32,
  "hausdorff_distance": 0.08799,
  "chamfer_distance": 0.015518,
  "coverage_efficiency": 225.88,
  "stagnation_count": 0,
  "first_detection_iter": 1,
  "views_to_threshold": {
    "views_to_25pct": 1,
    "views_to_50pct": 1,
    "views_to_75pct": null
  },
  "views_to_f1_threshold": 1,
  "coverage_at_key_iters": {
    "0": 0.0,
    "3": 70.56,
    "6": 72.6,
    "9": 72.6,
    "5": 72.6
  },
  "sigma_series": [
    0.0,
    0.048898398876190186,
    0.0522792674601078,
    0.04682772606611252,
    0.047275882214307785,
    0.04961636662483215
  ],
  "occluded_recall_series": [
    0.0,
    0.0,
    0.05948731328680451,
    0.06662970452025309,
    0.06780379622986106,
    0.0745874372187072
  ],
  "tp_series": [
    0,
    1754,
    2335,
    2747,
    2567,
    2891
  ],
  "fp_series": [
    0,
    0,
    59,
    58,
    58,
    58
  ],
  "fn_series": [
    0,
    6099,
    5788,
    4996,
    4360,
    4481
  ]
}