{
  "method": "RH-NBV",
  "occlusion": "none",
  "params": {
    "horizon": 3,
    "num_candidates": 10,
    "lambda_cost": 2.0,
    "discount": 0.85,
    "step_size": 0.12,
    "use_spherical_bounds": true,
    "trial": 4,
    "seed": 46
  },
  "num_iters": 5,
  "coverages": [
    0.0,
    47.89,
    65.91,
    68.0,
    70.29,
    71.51
  ],
  "f1_scores": [
    0.0,
    0.7483,
    0.8307,
    0.8362,
    0.8501,
    0.802
  ],
  "recalls": [
    0.0,
    0.5994,
    0.7121,
    0.7199,
    0.7424,
    0.6878
  ],
  "precisions": [
    0.0,
    0.9959,
    0.9967,
    0.9973,
    0.9946,
    0.9617
  ],
  "distances": [
    0.0,
    0.0447,
    0.1627,
    0.2042,
    0.2681,
    0.3269
  ],
  "times": [
    0.3,
    567.1,
    1137.5,
    1700.9,
    2266.6,
    2831.2
  ],
  "ray_tracing_calls": [
    0,
    30,
    60,
    90,
    120,
    150
  ],
  "final_coverage": 71.51,
  "final_f1": 0.802,
  "final_distance": 0.3269,
  "total_time": 2831.2,
  "total_ray_calls": 150,
  "visibility_efficiency": 71.5,
  "coverage_auc": 57.57,
  "hausdorff_distance": 0.08799,
  "chamfer_distance": 0.015283,
  "coverage_efficiency": 218.79,
  "stagnation_count": 0,
  "first_detection_iter": 1,
  "views_to_threshold": {
    "views_to_25pct": 1,
    "views_to_50pct": 2,
    "views_to_75pct": null
  },
  "views_to_f1_threshold": 1,
  "coverage_at_key_iters": {
    "0": 0.0,
    "3": 68.0,
    "6": 71.51,
    "9": 71.51,
    "5": 71.51
  },
  "sigma_series": [
    0.0,
    0.05032743141055107,
    0.047793347388505936,
    0.04727238416671753,
    0.04872477427124977,
    0.0512104295194149
  ],
  "occluded_recall_series": [
    0.0,
    0.0,
    0.06111566858080394,
    0.07294756105256515,
    0.07607118066511012,
    0.0888180728213542
  ],
  "tp_series": [
    0,
    1698,
    2093,
    2571,
    2373,
    2686
  ],
  "fp_series": [
    0,
    7,
    7,
    7,
    13,
    107
  ],
  "fn_series": [
    0,
    7296,
    5243,
    5101,
    4692,
    5685
  ]
}