{
  "method": "RH-NBV",
  "occlusion": "half_box",
  "params": {
    "horizon": 3,
    "num_candidates": 10,
    "lambda_cost": 2.0,
    "discount": 0.85,
    "step_size": 0.12,
    "use_spherical_bounds": true,
    "trial": 8,
    "seed": 50
  },
  "num_iters": 5,
  "coverages": [
    0.0,
    32.94,
    38.06,
    47.48,
    65.05,
    71.45
  ],
  "f1_scores": [
    0.0,
    0.621,
    0.5933,
    0.699,
    0.6744,
    0.7985
  ],
  "recalls": [
    0.0,
    0.4503,
    0.4218,
    0.5373,
    0.5211,
    0.6849
  ],
  "precisions": [
    0.0,
    1.0,
    1.0,
    1.0,
    0.9558,
    0.9572
  ],
  "distances": [
    0.0,
    0.2229,
    0.2229,
    0.3149,
    0.4334,
    0.5846
  ],
  "times": [
    0.3,
    708.0,
    1420.0,
    2138.3,
    2848.8,
    3560.5
  ],
  "ray_tracing_calls": [
    0,
    30,
    60,
    90,
    120,
    150
  ],
  "final_coverage": 71.45,
  "final_f1": 0.7985,
  "final_distance": 0.5846,
  "total_time": 3560.5,
  "total_ray_calls": 150,
  "visibility_efficiency": 71.5,
  "coverage_auc": 43.85,
  "hausdorff_distance": 0.087981,
  "chamfer_distance": 0.016135,
  "coverage_efficiency": 122.22,
  "stagnation_count": 0,
  "first_detection_iter": 1,
  "views_to_threshold": {
    "views_to_25pct": 1,
    "views_to_50pct": 4,
    "views_to_75pct": null
  },
  "views_to_f1_threshold": 1,
  "coverage_at_key_iters": {
    "0": 0.0,
    "3": 47.48,
    "6": 71.45,
    "9": 71.45,
    "5": 71.45
  },
  "sigma_series": [
    0.0,
    0.0426887646317482,
    0.042548101395368576,
    0.0443800687789917,
    0.046142373234033585,
    0.04799548536539078
  ],
  "occluded_recall_series": [
    0.0,
    0.0,
    0.044772813567902796,
    0.06973800784710796,
    0.09508290089862043,
    0.10786609289963296
  ],
  "tp_series": [
    0,
    1280,
    1255,
    2339,
    1861,
    2372
  ],
  "fp_series": [
    0,
    0,
    0,
    0,
    86,
    106
  ],
  "fn_series": [
    0,
    10011,
    10530,
    8427,
    8722,
    5739
  ]
}