{
  "method": "GradientNBV",
  "occlusion": "well",
  "params": {
    "planner": "GradientNBV",
    "lr": 0.03,
    "trial": 0,
    "seed": null
  },
  "num_iters": 20,
  "coverages": [
    0.0,
    0.0,
    0.77,
    0.77,
    0.77,
    0.77,
    0.77,
    0.77,
    0.77,
    0.77,
    0.77,
    0.77,
    0.77,
    0.77,
    0.77,
    0.77,
    0.77,
    0.77,
    0.97,
    1.71,
    2.45
  ],
  "f1_scores": [
    0.0,
    0.0,
    0.0,
    0.0,
    0.0,
    0.0,
    0.0,
    0.0,
    0.0,
    0.0,
    0.0,
    0.0,
    0.0,
    0.0,
    0.0,
    0.0,
    0.0,
    0.0,
    0.0331,
    0.1121,
    0.1474
  ],
  "recalls": [
    0.0,
    0,
    0,
    0,
    0,
    0,
    0,
    0,
    0,
    0,
    0,
    0,
    0,
    0,
    0,
    0,
    0,
    0,
    0.0168,
    0.0594,
    0.0796
  ],
  "precisions": [
    0.0,
    0,
    0,
    0,
    0,
    0,
    0,
    0,
    0,
    0,
    0,
    0,
    0,
    0,
    0,
    0,
    0,
    0,
    1.0,
    1.0,
    1.0
  ],
  "distances": [
    0.0,
    0.0519,
    0.086,
    0.1181,
    0.1443,
    0.1666,
    0.1857,
    0.2029,
    0.2181,
    0.2316,
    0.2436,
    0.2544,
    0.2642,
    0.2732,
    0.2789,
    0.2986,
    0.3292,
    0.3595,
    0.3868,
    0.4068,
    0.4238
  ],
  "times": [
    0.0,
    30.6,
    61.4,
    93.5,
    125.2,
    157.0,
    189.3,
    221.8,
    254.0,
    286.4,
    318.8,
    351.5,
    384.0,
    415.8,
    449.6,
    481.1,
    513.1,
    545.4,
    577.8,
    611.0,
    642.7
  ],
  "ray_tracing_calls": [
    0,
    1,
    2,
    3,
    4,
    5,
    6,
    7,
    8,
    9,
    10,
    11,
    12,
    13,
    14,
    15,
    16,
    17,
    18,
    19,
    20
  ],
  "final_coverage": 2.45,
  "final_f1": 0.1474,
  "final_distance": 0.4238,
  "total_time": 642.7,
  "total_ray_calls": 20,
  "visibility_efficiency": 2.4,
  "coverage_auc": 0.81,
  "hausdorff_distance": 0.182362,
  "chamfer_distance": 0.035641,
  "coverage_efficiency": 5.77,
  "stagnation_count": 16,
  "first_detection_iter": 2,
  "views_to_threshold": {
    "views_to_25pct": null,
    "views_to_50pct": null,
    "views_to_75pct": null
  },
  "views_to_f1_threshold": 19,
  "coverage_at_key_iters": {
    "0": 0.0,
    "3": 0.77,
    "6": 0.77,
    "9": 0.77,
    "12": 0.77
  },
  "tp_series": [
    0,
    0,
    0,
    0,
    0,
    0,
    0,
    0,
    0,
    0,
    0,
    0,
    0,
    0,
    0,
    0,
    0,
    0,
    9,
    49,
    98
  ],
  "fp_series": [
    0,
    0,
    0,
    0,
    0,
    0,
    0,
    0,
    0,
    0,
    0,
    0,
    0,
    0,
    0,
    0,
    0,
    0,
    0,
    0,
    0
  ],
  "fn_series": [
    0,
    0,
    0,
    0,
    0,
    0,
    0,
    0,
    0,
    0,
    0,
    0,
    0,
    0,
    0,
    0,
    0,
    0,
    17905,
    17130,
    16762
  ]
}