{
  "method": "PSO",
  "occlusion": "well",
  "params": {
    "planner": "PSO",
    "trial": 0,
    "seed": null
  },
  "num_iters": 5,
  "coverages": [
    0.0,
    0.6,
    17.55,
    18.26,
    18.26,
    19.82
  ],
  "f1_scores": [
    0.0,
    0.2041,
    0.822,
    0.7803,
    0.7803,
    0.7854
  ],
  "recalls": [
    0.0,
    0.1169,
    0.6994,
    0.6994,
    0.6994,
    0.7181
  ],
  "precisions": [
    0.0,
    0.8028,
    0.9967,
    0.8823,
    0.8823,
    0.8666
  ],
  "distances": [
    0.0,
    0.1043,
    0.3155,
    0.4193,
    0.8231,
    1.0833
  ],
  "times": [
    0.0,
    13.1,
    37.2,
    59.6,
    84.7,
    109.7
  ],
  "ray_tracing_calls": [
    0,
    0,
    0,
    0,
    0,
    0
  ],
  "final_coverage": 19.82,
  "final_f1": 0.7854,
  "final_distance": 1.0833,
  "total_time": 109.7,
  "total_ray_calls": 0,
  "visibility_efficiency": 19.8,
  "coverage_auc": 12.92,
  "hausdorff_distance": 0.088198,
  "chamfer_distance": 0.017697,
  "coverage_efficiency": 18.29,
  "stagnation_count": 1,
  "first_detection_iter": 1,
  "views_to_threshold": {
    "views_to_25pct": null,
    "views_to_50pct": null,
    "views_to_75pct": null
  },
  "views_to_f1_threshold": 1,
  "coverage_at_key_iters": {
    "0": 0.0,
    "3": 18.26,
    "6": 19.82,
    "9": 19.82,
    "5": 19.82
  },
  "tp_series": [
    0,
    342,
    2129,
    2143,
    2143,
    1864
  ],
  "fp_series": [
    0,
    84,
    7,
    286,
    286,
    287
  ],
  "fn_series": [
    0,
    16082,
    5474,
    5474,
    5474,
    5133
  ],
  "sigma_series": [
    0.0,
    0.029563501477241516,
    0.05204970762133598,
    0.05597560852766037,
    0.05597560852766037,
    0.05386119335889816
  ],
  "occluded_recall_series": [
    0.0,
    0.0,
    0.12375351572487855,
    0.12440694337907326,
    0.12440694337907326,
    0.1633285036506719
  ]
}