{
  "method": "RH-NBV",
  "occlusion": "well",
  "params": {
    "horizon": 3,
    "num_candidates": 10,
    "lambda_cost": 2.0,
    "discount": 0.85,
    "step_size": 0.065,
    "use_spherical_bounds": false,
    "occlusion_bonus": 0.0,
    "trial": 0,
    "seed": 42
  },
  "num_iters": 5,
  "coverages": [
    0.0,
    0.0,
    47.35,
    59.87,
    59.87,
    59.87
  ],
  "f1_scores": [
    0.0,
    0.0,
    0.0,
    0.0,
    0.0,
    0.0
  ],
  "recalls": [
    0.0,
    0.0,
    0.0,
    0.0,
    0.0,
    0.0
  ],
  "precisions": [
    0.0,
    0.0,
    0.0,
    0.0,
    0.0,
    0.0
  ],
  "distances": [
    0.0,
    0.2081,
    0.258,
    0.3387,
    0.3716,
    0.6159
  ],
  "times": [
    0.2,
    136.1,
    284.1,
    438.4,
    590.7,
    722.1
  ],
  "ray_tracing_calls": [
    0,
    30,
    60,
    90,
    120,
    150
  ],
  "final_coverage": 59.87,
  "final_f1": 0.0,
  "final_distance": 0.6159,
  "total_time": 722.1,
  "total_ray_calls": 150,
  "visibility_efficiency": 59.9,
  "coverage_auc": 39.4,
  "hausdorff_distance": null,
  "chamfer_distance": null,
  "coverage_efficiency": 97.2,
  "stagnation_count": 3,
  "first_detection_iter": 2,
  "views_to_threshold": {
    "views_to_25pct": 2,
    "views_to_50pct": 3,
    "views_to_75pct": null
  },
  "views_to_f1_threshold": null,
  "coverage_at_key_iters": {
    "0": 0.0,
    "3": 59.87,
    "6": 59.87,
    "9": 59.87,
    "5": 59.87
  },
  "sigma_series": [
    0.0,
    0.0,
    0.0,
    0.0,
    0.0,
    0.0
  ],
  "occluded_recall_series": [
    0.0,
    0.0,
    0.1518068267171113,
    0.16296213870420342,
    0.16296213870420342,
    0.16296213870420342
  ],
  "tp_series": [
    0,
    0,
    0,
    0,
    0,
    0
  ],
  "fp_series": [
    0,
    0,
    0,
    0,
    0,
    0
  ],
  "fn_series": [
    0,
    0,
    0,
    0,
    0,
    0
  ]
}