{
  "method": "RH-NBV",
  "occlusion": "none",
  "params": {
    "horizon": 3,
    "num_candidates": 10,
    "lambda_cost": 2.0,
    "discount": 0.85,
    "step_size": 0.065,
    "use_spherical_bounds": false,
    "occlusion_bonus": 0.0,
    "trial": 0,
    "seed": 42
  },
  "num_iters": 5,
  "coverages": [
    0.0,
    69.61,
    71.97,
    74.23,
    75.75,
    76.13
  ],
  "f1_scores": [
    0.0,
    0.3728,
    0.648,
    0.5021,
    0.5533,
    0.5539
  ],
  "recalls": [
    0.0,
    0.2429,
    0.509,
    0.3654,
    0.4197,
    0.425
  ],
  "precisions": [
    0.0,
    0.8021,
    0.8914,
    0.8018,
    0.8115,
    0.7951
  ],
  "distances": [
    0.0,
    0.2081,
    0.258,
    0.3387,
    0.3755,
    0.6625
  ],
  "times": [
    0.2,
    446.5,
    878.7,
    1320.4,
    1757.7,
    2199.6
  ],
  "ray_tracing_calls": [
    0,
    30,
    60,
    90,
    120,
    150
  ],
  "final_coverage": 76.13,
  "final_f1": 0.5539,
  "final_distance": 0.6625,
  "total_time": 2199.6,
  "total_ray_calls": 150,
  "visibility_efficiency": 76.1,
  "coverage_auc": 65.92,
  "hausdorff_distance": 0.100247,
  "chamfer_distance": 0.029878,
  "coverage_efficiency": 114.91,
  "stagnation_count": 0,
  "first_detection_iter": 1,
  "views_to_threshold": {
    "views_to_25pct": 1,
    "views_to_50pct": 1,
    "views_to_75pct": 4
  },
  "views_to_f1_threshold": 1,
  "coverage_at_key_iters": {
    "0": 0.0,
    "3": 74.23,
    "6": 76.13,
    "9": 76.13,
    "5": 76.13
  },
  "sigma_series": [
    0.0,
    0.032492902129888535,
    0.028701603412628174,
    0.031031286343932152,
    0.030581152066588402,
    0.030170507729053497
  ],
  "occluded_recall_series": [
    0.0,
    0.0,
    0.07824427480916031,
    0.092970737913486,
    0.09758269720101781,
    0.12172391857506361
  ],
  "tp_series": [
    0,
    385,
    722,
    530,
    594,
    524
  ],
  "fp_series": [
    0,
    95,
    88,
    131,
    138,
    135
  ],
  "fn_series": [
    0,
    3027,
    1963,
    2537,
    2320,
    2299
  ]
}