{
  "method": "RH-NBV",
  "occlusion": "frontal",
  "params": {
    "horizon": 3,
    "num_candidates": 10,
    "lambda_cost": 2.0,
    "discount": 0.85,
    "step_size": 0.065,
    "use_spherical_bounds": true,
    "occlusion_bonus": 0.0,
    "trial": 0,
    "seed": 42
  },
  "num_iters": 20,
  "coverages": [
    0.0,
    0.3,
    35.5,
    46.29,
    51.32,
    55.5,
    60.72,
    60.76,
    62.91,
    63.37,
    63.37,
    63.87,
    63.88,
    65.04,
    65.31,
    65.39,
    65.42,
    65.43,
    65.43,
    65.99,
    70.87
  ],
  "f1_scores": [
    0.0,
    0.0,
    0.4734,
    0.5587,
    0.6145,
    0.6502,
    0.6939,
    0.6944,
    0.7389,
    0.7383,
    0.7383,
    0.7673,
    0.7665,
    0.7784,
    0.7719,
    0.775,
    0.7764,
    0.7734,
    0.7734,
    0.7741,
    0.8234
  ],
  "recalls": [
    0.0,
    0.0,
    0.3151,
    0.3936,
    0.4508,
    0.4889,
    0.5403,
    0.5394,
    0.5961,
    0.5955,
    0.5955,
    0.6327,
    0.6318,
    0.6469,
    0.6382,
    0.6433,
    0.6445,
    0.6407,
    0.6407,
    0.6415,
    0.7098
  ],
  "precisions": [
    0.0,
    0.0,
    0.9515,
    0.9626,
    0.9652,
    0.9701,
    0.9695,
    0.9744,
    0.9716,
    0.9711,
    0.9711,
    0.9744,
    0.9742,
    0.977,
    0.9765,
    0.9746,
    0.9762,
    0.9755,
    0.9755,
    0.9758,
    0.9803
  ],
  "distances": [
    0.0,
    0.0242,
    0.208,
    0.2607,
    0.307,
    0.4138,
    0.4593,
    0.4708,
    0.5059,
    0.734,
    0.734,
    0.932,
    0.9622,
    1.19,
    1.2404,
    1.3048,
    1.3295,
    1.3365,
    1.3365,
    1.628,
    1.8626
  ],
  "times": [
    0.3,
    508.6,
    1023.1,
    1534.1,
    2051.4,
    2585.8,
    3110.0,
    3629.5,
    4150.5,
    4675.2,
    5179.7,
    5710.1,
    6231.0,
    6747.3,
    7260.8,
    7787.0,
    8295.8,
    8818.2,
    9345.0,
    9960.6,
    10654.4
  ],
  "ray_tracing_calls": [
    0,
    30,
    60,
    90,
    120,
    150,
    180,
    210,
    240,
    270,
    300,
    330,
    360,
    390,
    420,
    450,
    480,
    510,
    540,
    570,
    600
  ],
  "final_coverage": 70.87,
  "final_f1": 0.8234,
  "final_distance": 1.8626,
  "total_time": 10654.4,
  "total_ray_calls": 600,
  "visibility_efficiency": 70.9,
  "coverage_auc": 56.06,
  "hausdorff_distance": 0.087981,
  "chamfer_distance": 0.01492,
  "coverage_efficiency": 38.05,
  "stagnation_count": 3,
  "first_detection_iter": 1,
  "views_to_threshold": {
    "views_to_25pct": 2,
    "views_to_50pct": 4,
    "views_to_75pct": null
  },
  "views_to_f1_threshold": 2,
  "coverage_at_key_iters": {
    "0": 0.0,
    "3": 46.29,
    "6": 60.72,
    "9": 63.37,
    "12": 63.88
  },
  "sigma_series": [
    0.0,
    0.0,
    0.04008786752820015,
    0.036899980157613754,
    0.040868423879146576,
    0.038417477160692215,
    0.04169551655650139,
    0.04261738061904907,
    0.04424475505948067,
    0.04290211573243141,
    0.04290211573243141,
    0.048575591295957565,
    0.048023927956819534,
    0.05006226897239685,
    0.05058189108967781,
    0.0493028461933136,
    0.048747699707746506,
    0.04862905666232109,
    0.04862905666232109,
    0.05092804878950119,
    0.05439678952097893
  ],
  "occluded_recall_series": [
    0.0,
    0.0,
    0.05246613069240827,
    0.0766962472529001,
    0.0846802236626144,
    0.08543132945725651,
    0.08690572231340585,
    0.09027178902272791,
    0.09038306395526748,
    0.10042562661696386,
    0.10042562661696386,
    0.13653434222605504,
    0.1406793334631541,
    0.1498316966645339,
    0.15052716499290622,
    0.15319776337385596,
    0.15253011377861853,
    0.15314212590758616,
    0.15314212590758616,
    0.1569532923470665,
    0.18001502211589285
  ],
  "tp_series": [
    0,
    0,
    648,
    850,
    1221,
    1426,
    1462,
    1748,
    1574,
    1545,
    1545,
    1750,
    1740,
    1702,
    1789,
    1612,
    1723,
    1673,
    1673,
    1735,
    2135
  ],
  "fp_series": [
    0,
    0,
    33,
    33,
    44,
    44,
    46,
    46,
    46,
    46,
    46,
    46,
    46,
    40,
    43,
    42,
    42,
    42,
    42,
    43,
    43
  ],
  "fn_series": [
    0,
    0,
    12473,
    11043,
    10002,
    9307,
    8371,
    8388,
    7355,
    7366,
    7366,
    6688,
    6705,
    6430,
    6588,
    6496,
    6474,
    6544,
    6544,
    6528,
    5285
  ]
}