{
  "method": "GradientNBV",
  "occlusion": "well",
  "params": {
    "planner": "GradientNBV",
    "lr": 0.03,
    "trial": 0
  },
  "num_iters": 20,
  "coverages": [
    0.0,
    0.0,
    0.73,
    0.73,
    0.73,
    0.73,
    0.73,
    0.73,
    0.73,
    0.73,
    0.73,
    0.73,
    0.73,
    0.73,
    0.73,
    0.73,
    0.73,
    0.84,
    1.51,
    2.2,
    2.63
  ],
  "f1_scores": [
    0.0,
    0.0,
    0.0,
    0.0,
    0.0,
    0.0,
    0.0,
    0.0,
    0.0,
    0.0,
    0.0,
    0.0,
    0.0,
    0.0,
    0.0,
    0.0,
    0.0,
    0.0535,
    0.1434,
    0.1852,
    0.1887
  ],
  "recalls": [
    0.0,
    0,
    0,
    0,
    0,
    0,
    0,
    0,
    0,
    0,
    0,
    0,
    0,
    0,
    0,
    0,
    0,
    0.0275,
    0.0773,
    0.102,
    0.1042
  ],
  "precisions": [
    0.0,
    0,
    0,
    0,
    0,
    0,
    0,
    0,
    0,
    0,
    0,
    0,
    0,
    0,
    0,
    0,
    0,
    1.0,
    1.0,
    1.0,
    1.0
  ],
  "distances": [
    0.0,
    0.0519,
    0.0862,
    0.1183,
    0.1446,
    0.1668,
    0.186,
    0.2027,
    0.2175,
    0.2306,
    0.2385,
    0.2457,
    0.2522,
    0.2614,
    0.2749,
    0.2972,
    0.3241,
    0.3486,
    0.3675,
    0.3793,
    0.3957
  ],
  "times": [
    0.0,
    48.9,
    97.1,
    143.4,
    190.9,
    238.3,
    286.1,
    336.0,
    385.4,
    434.1,
    479.6,
    525.4,
    573.2,
    620.2,
    667.2,
    715.1,
    763.9,
    811.0,
    857.0,
    901.1,
    946.8
  ],
  "ray_tracing_calls": [
    0,
    1,
    2,
    3,
    4,
    5,
    6,
    7,
    8,
    9,
    10,
    11,
    12,
    13,
    14,
    15,
    16,
    17,
    18,
    19,
    20
  ],
  "final_coverage": 2.63,
  "final_f1": 0.1887,
  "final_distance": 0.3957,
  "total_time": 946.8,
  "total_ray_calls": 20,
  "visibility_efficiency": 2.6,
  "coverage_auc": 0.84,
  "hausdorff_distance": 0.179805,
  "chamfer_distance": 0.033775,
  "coverage_efficiency": 6.64,
  "stagnation_count": 15,
  "first_detection_iter": 2,
  "views_to_threshold": {
    "views_to_25pct": null,
    "views_to_50pct": null,
    "views_to_75pct": null
  },
  "views_to_f1_threshold": 18,
  "coverage_at_key_iters": {
    "0": 0.0,
    "3": 0.73,
    "6": 0.73,
    "9": 0.73,
    "12": 0.73
  },
  "tp_series": [
    0,
    0,
    0,
    0,
    0,
    0,
    0,
    0,
    0,
    0,
    0,
    0,
    0,
    0,
    0,
    0,
    0,
    12,
    91,
    159,
    178
  ],
  "fp_series": [
    0,
    0,
    0,
    0,
    0,
    0,
    0,
    0,
    0,
    0,
    0,
    0,
    0,
    0,
    0,
    0,
    0,
    0,
    0,
    0,
    0
  ],
  "fn_series": [
    0,
    0,
    0,
    0,
    0,
    0,
    0,
    0,
    0,
    0,
    0,
    0,
    0,
    0,
    0,
    0,
    0,
    17710,
    16804,
    16353,
    16314
  ]
}