{
  "method": "PSO",
  "occlusion": "well",
  "params": {
    "planner": "PSO",
    "trial": 1,
    "seed": 43
  },
  "num_iters": 20,
  "coverages": [
    0.0,
    0.89,
    0.89,
    5.23,
    21.26,
    22.96,
    26.55,
    30.9,
    30.9,
    30.92,
    34.13,
    34.66,
    34.66,
    34.89,
    34.91,
    34.94,
    38.49,
    38.73,
    38.76,
    40.49,
    40.6
  ],
  "f1_scores": [
    0.0,
    0.0216,
    0.0216,
    0.0216,
    0.2384,
    0.25,
    0.5054,
    0.5103,
    0.5103,
    0.5103,
    0.5128,
    0.5263,
    0.5263,
    0.5295,
    0.5295,
    0.5292,
    0.5406,
    0.5406,
    0.5406,
    0.551,
    0.551
  ],
  "recalls": [
    0.0,
    0.0109,
    0.0109,
    0.0109,
    0.1354,
    0.1429,
    0.3381,
    0.3426,
    0.3426,
    0.3426,
    0.3448,
    0.3571,
    0.3571,
    0.3601,
    0.3601,
    0.3598,
    0.3704,
    0.3704,
    0.3704,
    0.3803,
    0.3803
  ],
  "precisions": [
    0.0,
    1.0,
    1.0,
    1.0,
    1.0,
    1.0,
    1.0,
    1.0,
    1.0,
    1.0,
    1.0,
    1.0,
    1.0,
    1.0,
    1.0,
    1.0,
    1.0,
    1.0,
    1.0,
    1.0,
    1.0
  ],
  "distances": [
    0.0,
    0.2201,
    0.5041,
    0.7556,
    0.8726,
    1.2876,
    1.6345,
    1.9846,
    2.2304,
    2.3545,
    2.6908,
    3.0407,
    3.4655,
    3.8903,
    3.9852,
    3.9852,
    4.0965,
    4.3899,
    4.5435,
    4.6962,
    4.7261
  ],
  "times": [
    0.0,
    10.6,
    77.3,
    144.7,
    211.5,
    277.2,
    344.4,
    411.1,
    474.5,
    541.8,
    607.5,
    672.7,
    741.9,
    807.3,
    869.2,
    933.0,
    997.8,
    1060.3,
    1123.5,
    1180.8,
    1240.9
  ],
  "ray_tracing_calls": [
    0,
    0,
    0,
    0,
    0,
    0,
    0,
    0,
    0,
    0,
    0,
    0,
    0,
    0,
    0,
    0,
    0,
    0,
    0,
    0,
    0
  ],
  "final_coverage": 40.6,
  "final_f1": 0.551,
  "final_distance": 4.7261,
  "total_time": 1240.9,
  "total_ray_calls": 0,
  "visibility_efficiency": 40.6,
  "coverage_auc": 27.77,
  "hausdorff_distance": 0.078502,
  "chamfer_distance": 0.016468,
  "coverage_efficiency": 8.59,
  "stagnation_count": 3,
  "first_detection_iter": 1,
  "views_to_threshold": {
    "views_to_25pct": 6,
    "views_to_50pct": null,
    "views_to_75pct": null
  },
  "views_to_f1_threshold": 4,
  "coverage_at_key_iters": {
    "0": 0.0,
    "3": 5.23,
    "6": 26.55,
    "9": 30.92,
    "12": 34.66
  },
  "tp_series": [
    0,
    2,
    2,
    2,
    138,
    236,
    727,
    760,
    760,
    773,
    755,
    1000,
    1000,
    1033,
    1115,
    1131,
    1062,
    1063,
    1002,
    1082,
    1046
  ],
  "fp_series": [
    0,
    0,
    0,
    0,
    0,
    0,
    0,
    0,
    0,
    0,
    0,
    0,
    0,
    0,
    0,
    0,
    0,
    0,
    0,
    0,
    0
  ],
  "fn_series": [
    0,
    18012,
    18012,
    18012,
    15746,
    15609,
    12053,
    11972,
    11972,
    11972,
    11931,
    11707,
    11707,
    11653,
    11653,
    11658,
    11466,
    11466,
    11466,
    11286,
    11286
  ],
  "sigma_series": [
    0.0,
    0.0014999955892562866,
    0.0014999955892562866,
    0.0014999955892562866,
    0.020009292289614677,
    0.026374205946922302,
    0.0747055932879448,
    0.07498883455991745,
    0.07498883455991745,
    0.07501638680696487,
    0.07488234341144562,
    0.06903424859046936,
    0.06903424859046936,
    0.0688491016626358,
    0.06787408888339996,
    0.06737084686756134,
    0.06881862133741379,
    0.06881415098905563,
    0.06819362938404083,
    0.06554710119962692,
    0.06602450460195541
  ],
  "occluded_recall_series": [
    0.0,
    0.0,
    0.0,
    0.0,
    0.01019388366979812,
    0.024471031666714257,
    0.09080266126038662,
    0.09174495302818308,
    0.09174495302818308,
    0.0951143599554553,
    0.0951143599554553,
    0.10211016247394421,
    0.10211016247394421,
    0.10733559864081552,
    0.10782102167271065,
    0.10716427286485251,
    0.11818623111847178,
    0.12155563804574399,
    0.12432540475714571,
    0.12912252648410955,
    0.135004711458839
  ]
}