{
  "method": "GradientNBV",
  "occlusion": "half_box",
  "params": {
    "planner": "GradientNBV",
    "lr": 0.03,
    "trial": 0,
    "seed": null
  },
  "num_iters": 5,
  "coverages": [
    0.0,
    58.44,
    64.26,
    65.35,
    65.45,
    65.58
  ],
  "f1_scores": [
    0.0,
    0.7668,
    0.7962,
    0.7943,
    0.7923,
    0.756
  ],
  "recalls": [
    0.0,
    0.6237,
    0.6628,
    0.6602,
    0.6573,
    0.609
  ],
  "precisions": [
    0.0,
    0.9949,
    0.9968,
    0.9968,
    0.997,
    0.9965
  ],
  "distances": [
    0.0,
    0.0519,
    0.0775,
    0.1032,
    0.1328,
    0.1554
  ],
  "times": [
    0.0,
    34.8,
    70.7,
    106.5,
    143.4,
    187.5
  ],
  "ray_tracing_calls": [
    0,
    1,
    2,
    3,
    4,
    5
  ],
  "final_coverage": 65.58,
  "final_f1": 0.756,
  "final_distance": 0.1554,
  "total_time": 187.5,
  "total_ray_calls": 5,
  "visibility_efficiency": 65.6,
  "coverage_auc": 57.26,
  "hausdorff_distance": 0.087594,
  "chamfer_distance": 0.016145,
  "coverage_efficiency": 421.87,
  "stagnation_count": 0,
  "first_detection_iter": 1,
  "views_to_threshold": {
    "views_to_25pct": 1,
    "views_to_50pct": 1,
    "views_to_75pct": null
  },
  "views_to_f1_threshold": 1,
  "coverage_at_key_iters": {
    "0": 0.0,
    "3": 65.35,
    "6": 65.58,
    "9": 65.58,
    "5": 65.58
  },
  "tp_series": [
    0,
    1950,
    2833,
    2792,
    2987,
    2599
  ],
  "fp_series": [
    0,
    10,
    9,
    9,
    9,
    9
  ],
  "fn_series": [
    0,
    6852,
    6140,
    6189,
    6240,
    7121
  ]
}