{
  "method": "GradientNBV",
  "occlusion": "half_box",
  "params": {
    "planner": "GradientNBV",
    "lr": 0.03,
    "trial": 0
  },
  "num_iters": 5,
  "coverages": [
    0.0,
    58.71,
    64.72,
    65.71,
    66.57,
    68.77
  ],
  "f1_scores": [
    0.0,
    0.7678,
    0.7919,
    0.7841,
    0.7823,
    0.7681
  ],
  "recalls": [
    0.0,
    0.6262,
    0.6578,
    0.6479,
    0.6455,
    0.6258
  ],
  "precisions": [
    0.0,
    0.9922,
    0.9946,
    0.9927,
    0.9926,
    0.9941
  ],
  "distances": [
    0.0,
    0.0519,
    0.0771,
    0.1041,
    0.1196,
    0.129
  ],
  "times": [
    0.0,
    28.3,
    58.6,
    90.4,
    121.3,
    153.0
  ],
  "ray_tracing_calls": [
    0,
    1,
    2,
    3,
    4,
    5
  ],
  "final_coverage": 68.77,
  "final_f1": 0.7681,
  "final_distance": 0.129,
  "total_time": 153.0,
  "total_ray_calls": 5,
  "visibility_efficiency": 68.8,
  "coverage_auc": 58.02,
  "hausdorff_distance": 0.08857,
  "chamfer_distance": 0.016512,
  "coverage_efficiency": 533.03,
  "stagnation_count": 0,
  "first_detection_iter": 1,
  "views_to_threshold": {
    "views_to_25pct": 1,
    "views_to_50pct": 1,
    "views_to_75pct": null
  },
  "views_to_f1_threshold": 1,
  "coverage_at_key_iters": {
    "0": 0.0,
    "3": 65.71,
    "6": 68.77,
    "9": 68.77,
    "5": 68.77
  },
  "tp_series": [
    0,
    1898,
    2561,
    2302,
    2275,
    2530
  ],
  "fp_series": [
    0,
    15,
    14,
    17,
    17,
    15
  ],
  "fn_series": [
    0,
    6807,
    6232,
    6412,
    6455,
    6814
  ]
}