{
  "method": "GradientNBV",
  "occlusion": "none",
  "params": {
    "planner": "GradientNBV",
    "lr": 0.03,
    "trial": 0
  },
  "num_iters": 20,
  "coverages": [
    0.0,
    52.98,
    61.18,
    63.4,
    64.11,
    64.65,
    64.79,
    64.94,
    65.34,
    65.95,
    66.75,
    66.81,
    67.0,
    67.02,
    67.05,
    67.05,
    67.4,
    67.55,
    67.67,
    67.67,
    67.68
  ],
  "f1_scores": [
    0.0,
    0.7656,
    0.7914,
    0.7869,
    0.7846,
    0.7664,
    0.7464,
    0.7431,
    0.7436,
    0.7563,
    0.7646,
    0.7616,
    0.762,
    0.7609,
    0.7531,
    0.7466,
    0.7276,
    0.7111,
    0.7066,
    0.7402,
    0.7463
  ],
  "recalls": [
    0.0,
    0.6217,
    0.6554,
    0.6493,
    0.646,
    0.6219,
    0.596,
    0.5918,
    0.5924,
    0.6088,
    0.6194,
    0.6155,
    0.6159,
    0.6144,
    0.6045,
    0.5963,
    0.5754,
    0.5568,
    0.5532,
    0.5935,
    0.602
  ],
  "precisions": [
    0.0,
    0.9964,
    0.9986,
    0.9985,
    0.9987,
    0.9984,
    0.9984,
    0.9984,
    0.9985,
    0.9984,
    0.9989,
    0.9989,
    0.999,
    0.999,
    0.9986,
    0.9982,
    0.989,
    0.984,
    0.9775,
    0.9833,
    0.9815
  ],
  "distances": [
    0.0,
    0.0519,
    0.0774,
    0.1038,
    0.1313,
    0.1533,
    0.1793,
    0.206,
    0.2373,
    0.2606,
    0.2886,
    0.3084,
    0.3312,
    0.3399,
    0.3542,
    0.3755,
    0.3933,
    0.4165,
    0.4414,
    0.4653,
    0.4805
  ],
  "times": [
    0.0,
    40.9,
    84.4,
    128.9,
    171.3,
    214.5,
    260.5,
    307.2,
    350.6,
    392.6,
    436.6,
    478.1,
    519.7,
    567.3,
    608.9,
    651.6,
    695.2,
    739.4,
    783.9,
    830.3,
    873.8
  ],
  "ray_tracing_calls": [
    0,
    1,
    2,
    3,
    4,
    5,
    6,
    7,
    8,
    9,
    10,
    11,
    12,
    13,
    14,
    15,
    16,
    17,
    18,
    19,
    20
  ],
  "final_coverage": 67.68,
  "final_f1": 0.7463,
  "final_distance": 0.4805,
  "total_time": 873.8,
  "total_ray_calls": 20,
  "visibility_efficiency": 67.7,
  "coverage_auc": 63.66,
  "hausdorff_distance": 0.087591,
  "chamfer_distance": 0.01702,
  "coverage_efficiency": 140.86,
  "stagnation_count": 2,
  "first_detection_iter": 1,
  "views_to_threshold": {
    "views_to_25pct": 1,
    "views_to_50pct": 1,
    "views_to_75pct": null
  },
  "views_to_f1_threshold": 1,
  "coverage_at_key_iters": {
    "0": 0.0,
    "3": 63.4,
    "6": 64.79,
    "9": 65.95,
    "12": 67.0
  },
  "tp_series": [
    0,
    1946,
    2763,
    2691,
    3020,
    2503,
    2435,
    2470,
    2711,
    3105,
    3683,
    3753,
    3933,
    3844,
    2798,
    2772,
    2348,
    2332,
    2391,
    2831,
    2553
  ],
  "fp_series": [
    0,
    7,
    4,
    4,
    4,
    4,
    4,
    4,
    4,
    5,
    4,
    4,
    4,
    4,
    4,
    5,
    26,
    38,
    55,
    48,
    48
  ],
  "fn_series": [
    0,
    6890,
    6276,
    6386,
    6446,
    6885,
    7357,
    7433,
    7423,
    7125,
    6932,
    7003,
    6994,
    7022,
    7203,
    7351,
    7732,
    8072,
    8136,
    7403,
    7248
  ]
}