{
  "method": "RH-NBV",
  "occlusion": "none",
  "params": {
    "horizon": 3,
    "num_candidates": 10,
    "lambda_cost": 2.0,
    "discount": 0.85,
    "step_size": 0.12,
    "use_spherical_bounds": true,
    "trial": 0,
    "seed": 42
  },
  "num_iters": 20,
  "coverages": [
    0.0,
    51.32,
    68.44,
    70.83,
    72.89,
    73.85,
    74.04,
    74.53,
    74.87,
    74.94,
    75.9,
    77.33,
    77.55,
    77.69,
    78.29,
    79.03,
    79.04,
    79.19,
    79.19,
    79.19,
    79.25
  ],
  "f1_scores": [
    0.0,
    0.7788,
    0.7846,
    0.8314,
    0.8483,
    0.802,
    0.8288,
    0.8241,
    0.8288,
    0.8136,
    0.8551,
    0.8698,
    0.8702,
    0.8689,
    0.7883,
    0.7938,
    0.8038,
    0.8572,
    0.8341,
    0.8538,
    0.8372
  ],
  "recalls": [
    0.0,
    0.6404,
    0.6594,
    0.7246,
    0.7505,
    0.6902,
    0.7326,
    0.7236,
    0.7379,
    0.712,
    0.767,
    0.7858,
    0.7853,
    0.783,
    0.6622,
    0.6753,
    0.6927,
    0.784,
    0.7431,
    0.7756,
    0.7433
  ],
  "precisions": [
    0.0,
    0.9936,
    0.9685,
    0.9753,
    0.9754,
    0.957,
    0.9542,
    0.957,
    0.9453,
    0.9491,
    0.966,
    0.974,
    0.9758,
    0.9759,
    0.9738,
    0.9628,
    0.9574,
    0.9455,
    0.9505,
    0.9496,
    0.9582
  ],
  "distances": [
    0.0,
    0.0447,
    0.1528,
    0.1931,
    0.2605,
    0.3427,
    0.4608,
    0.5219,
    0.5866,
    0.6577,
    0.9208,
    1.0516,
    1.0684,
    1.0823,
    1.1616,
    1.2236,
    1.2239,
    1.4658,
    1.4983,
    1.5976,
    1.8194
  ],
  "times": [
    0.4,
    612.2,
    1247.3,
    1879.2,
    2386.7,
    2815.3,
    3243.8,
    3685.2,
    4119.4,
    4547.4,
    4979.5,
    7513.3,
    7940.7,
    8365.6,
    8867.9,
    9324.9,
    9778.9,
    10218.6,
    14878.4,
    15326.5,
    15757.9
  ],
  "ray_tracing_calls": [
    0,
    30,
    60,
    90,
    120,
    150,
    180,
    210,
    240,
    270,
    300,
    330,
    360,
    390,
    420,
    450,
    480,
    510,
    540,
    570,
    600
  ],
  "final_coverage": 79.25,
  "final_f1": 0.8372,
  "final_distance": 1.8194,
  "total_time": 15757.9,
  "total_ray_calls": 600,
  "visibility_efficiency": 79.2,
  "coverage_auc": 72.89,
  "hausdorff_distance": 0.085212,
  "chamfer_distance": 0.014546,
  "coverage_efficiency": 43.56,
  "stagnation_count": 3,
  "first_detection_iter": 1,
  "views_to_threshold": {
    "views_to_25pct": 1,
    "views_to_50pct": 1,
    "views_to_75pct": 10
  },
  "views_to_f1_threshold": 1,
  "coverage_at_key_iters": {
    "0": 0.0,
    "3": 70.83,
    "6": 74.04,
    "9": 74.94,
    "12": 77.55
  },
  "sigma_series": [
    0.0,
    0.052398040890693665,
    0.05078073590993881,
    0.046591080725193024,
    0.04698456451296806,
    0.05108307674527168,
    0.048040181398391724,
    0.04953993111848831,
    0.04437883943319321,
    0.04602168872952461,
    0.047225479036569595,
    0.04931779205799103,
    0.049142006784677505,
    0.04981706291437149,
    0.0525837279856205,
    0.05359876900911331,
    0.054684486240148544,
    0.049589768052101135,
    0.05113673582673073,
    0.050373587757349014,
    0.05188320204615593
  ],
  "occluded_recall_series": [
    0.0,
    0.0,
    0.04379491786447639,
    0.08807109856262833,
    0.09057366529774127,
    0.09352541067761808,
    0.09926848049281314,
    0.0967017453798768,
    0.11245508213552362,
    0.1219840862422998,
    0.12743839835728954,
    0.14575847022587268,
    0.18191735112936344,
    0.1839065708418891,
    0.18012063655030802,
    0.18429158110882957,
    0.18640913757700206,
    0.1906121663244353,
    0.1904838295687885,
    0.19064425051334702,
    0.17668762833675564
  ],
  "tp_series": [
    0,
    1869,
    2308,
    2846,
    2849,
    2672,
    2457,
    2890,
    2248,
    2367,
    3611,
    4715,
    5084,
    5107,
    3341,
    3547,
    3504,
    2652,
    3286,
    3220,
    3710
  ],
  "fp_series": [
    0,
    12,
    75,
    72,
    72,
    120,
    118,
    130,
    130,
    127,
    127,
    126,
    126,
    126,
    90,
    137,
    156,
    153,
    171,
    171,
    162
  ],
  "fn_series": [
    0,
    6549,
    6203,
    5016,
    4543,
    5642,
    4870,
    5034,
    4774,
    5245,
    4244,
    3901,
    3910,
    3951,
    6151,
    5913,
    5597,
    3933,
    4678,
    4087,
    4675
  ]
}