{
  "method": "RH-NBV",
  "occlusion": "complex3",
  "params": {
    "horizon": 3,
    "num_candidates": 10,
    "lambda_cost": 2.0,
    "discount": 0.85,
    "step_size": 0.12,
    "use_spherical_bounds": true,
    "trial": 0,
    "seed": 42
  },
  "num_iters": 5,
  "coverages": [
    0.0,
    1.26,
    24.55,
    28.19,
    29.92,
    49.46
  ],
  "f1_scores": [
    0.0,
    0.0,
    0.0,
    0.0,
    0.0,
    0.0
  ],
  "recalls": [
    0.0,
    0.0,
    0.0,
    0.0,
    0.0,
    0.0
  ],
  "precisions": [
    0.0,
    0.0,
    0.0,
    0.0,
    0.0,
    0.0
  ],
  "distances": [
    0.0,
    0.0447,
    0.2278,
    0.3075,
    0.3682,
    0.6255
  ],
  "times": [
    0.4,
    605.8,
    1247.2,
    1859.4,
    2443.0,
    3052.1
  ],
  "ray_tracing_calls": [
    0,
    30,
    60,
    90,
    120,
    150
  ],
  "final_coverage": 49.46,
  "final_f1": 0.0,
  "final_distance": 0.6255,
  "total_time": 3052.1,
  "total_ray_calls": 150,
  "visibility_efficiency": 49.5,
  "coverage_auc": 21.73,
  "hausdorff_distance": 0.109597,
  "chamfer_distance": 0.035906,
  "coverage_efficiency": 79.06,
  "stagnation_count": 0,
  "first_detection_iter": 1,
  "views_to_threshold": {
    "views_to_25pct": 3,
    "views_to_50pct": null,
    "views_to_75pct": null
  },
  "views_to_f1_threshold": null,
  "coverage_at_key_iters": {
    "0": 0.0,
    "3": 28.19,
    "6": 49.46,
    "9": 49.46,
    "5": 49.46
  },
  "sigma_series": [
    0.0,
    0.0,
    0.015897711738944054,
    0.01620456762611866,
    0.01697937585413456,
    0.021787017583847046
  ],
  "occluded_recall_series": [
    0.0,
    0.0,
    0.060785953177257525,
    0.08795986622073579,
    0.10905797101449276,
    0.13765328874024527
  ],
  "tp_series": [
    0,
    0,
    0,
    0,
    0,
    0
  ],
  "fp_series": [
    0,
    0,
    194,
    197,
    211,
    107
  ],
  "fn_series": [
    0,
    0,
    2246,
    2246,
    2246,
    2246
  ]
}