{
  "method": "RH-NBV",
  "occlusion": "complex3",
  "params": {
    "horizon": 3,
    "num_candidates": 10,
    "lambda_cost": 2.0,
    "discount": 0.85,
    "step_size": 0.12,
    "use_spherical_bounds": true,
    "trial": 0,
    "seed": 42
  },
  "num_iters": 20,
  "coverages": [
    0.0,
    1.24,
    24.57,
    28.08,
    29.46,
    30.34,
    44.66,
    44.66,
    49.77,
    58.67,
    58.67,
    58.67,
    62.39,
    62.65,
    66.13,
    67.66,
    68.07,
    68.07,
    68.07,
    68.07,
    68.07
  ],
  "f1_scores": [
    0.0,
    0.0,
    0.6447,
    0.6501,
    0.6639,
    0.6869,
    0.7128,
    0.7138,
    0.7303,
    0.7922,
    0.7922,
    0.7922,
    0.8212,
    0.8195,
    0.8489,
    0.8267,
    0.8407,
    0.8418,
    0.8429,
    0.8426,
    0.8552
  ],
  "recalls": [
    0.0,
    0.0,
    0.4757,
    0.4816,
    0.4969,
    0.5231,
    0.5538,
    0.5549,
    0.5751,
    0.6561,
    0.6561,
    0.6561,
    0.697,
    0.6945,
    0.7377,
    0.7129,
    0.7383,
    0.7392,
    0.7403,
    0.7403,
    0.7554
  ],
  "precisions": [
    0.0,
    0.0,
    1.0,
    1.0,
    1.0,
    1.0,
    1.0,
    1.0,
    1.0,
    0.9993,
    0.9993,
    0.9993,
    0.9993,
    0.9993,
    0.9994,
    0.9839,
    0.976,
    0.9775,
    0.9786,
    0.9776,
    0.9854
  ],
  "distances": [
    0.0,
    0.0447,
    0.2278,
    0.3075,
    0.381,
    0.4502,
    0.5343,
    0.5505,
    0.615,
    0.6896,
    0.6896,
    0.6896,
    1.0395,
    1.241,
    1.3128,
    1.345,
    1.5418,
    1.619,
    1.672,
    1.7113,
    2.0463
  ],
  "times": [
    0.3,
    676.4,
    1371.9,
    2054.9,
    2713.1,
    3373.1,
    4018.3,
    4649.2,
    5290.0,
    5926.6,
    6573.0,
    7223.7,
    7938.0,
    8624.4,
    9316.6,
    10011.2,
    10705.3,
    11386.9,
    12072.7,
    12749.2,
    13430.2
  ],
  "ray_tracing_calls": [
    0,
    30,
    60,
    90,
    120,
    150,
    180,
    210,
    240,
    270,
    300,
    330,
    360,
    390,
    420,
    450,
    480,
    510,
    540,
    570,
    600
  ],
  "final_coverage": 68.07,
  "final_f1": 0.8552,
  "final_distance": 2.0463,
  "total_time": 13430.2,
  "total_ray_calls": 600,
  "visibility_efficiency": 68.1,
  "coverage_auc": 49.7,
  "hausdorff_distance": 0.088198,
  "chamfer_distance": 0.014661,
  "coverage_efficiency": 33.27,
  "stagnation_count": 7,
  "first_detection_iter": 1,
  "views_to_threshold": {
    "views_to_25pct": 3,
    "views_to_50pct": 9,
    "views_to_75pct": null
  },
  "views_to_f1_threshold": 2,
  "coverage_at_key_iters": {
    "0": 0.0,
    "3": 28.08,
    "6": 44.66,
    "9": 58.67,
    "12": 62.39
  },
  "sigma_series": [
    0.0,
    0.0,
    0.03806237503886223,
    0.03749636188149452,
    0.037972576916217804,
    0.04041004553437233,
    0.04039229080080986,
    0.04330310598015785,
    0.04154990613460541,
    0.04362764209508896,
    0.04362764209508896,
    0.04362764209508896,
    0.04682731255888939,
    0.04693617671728134,
    0.04942568391561508,
    0.05565822124481201,
    0.05421358719468117,
    0.05160071700811386,
    0.05076953396201134,
    0.050278276205062866,
    0.050472281873226166
  ],
  "occluded_recall_series": [
    0.0,
    0.0,
    0.06130866124177906,
    0.08769925314903579,
    0.09853973915951399,
    0.10731802474640509,
    0.12384349570839372,
    0.14555233530264183,
    0.14566380559580872,
    0.16656448556459705,
    0.16656448556459705,
    0.16656448556459705,
    0.17634600378998996,
    0.1770148255489912,
    0.19719094861219486,
    0.20502173670716753,
    0.20987069445992643,
    0.2093690781406755,
    0.21040017835246907,
    0.21087392709842828,
    0.21338200869468288
  ],
  "tp_series": [
    0,
    0,
    1040,
    1018,
    1149,
    1621,
    2004,
    2078,
    2244,
    2853,
    2853,
    2853,
    2882,
    2806,
    3140,
    2817,
    3089,
    3300,
    3472,
    3314,
    3585
  ],
  "fp_series": [
    0,
    0,
    0,
    0,
    0,
    0,
    0,
    0,
    0,
    2,
    2,
    2,
    2,
    2,
    2,
    46,
    76,
    76,
    76,
    76,
    53
  ],
  "fn_series": [
    0,
    0,
    9548,
    9440,
    9162,
    8684,
    8126,
    8105,
    7737,
    6262,
    6262,
    6262,
    5518,
    5563,
    4776,
    5229,
    4766,
    4750,
    4729,
    4729,
    4454
  ]
}