{
  "method": "RH-NBV",
  "occlusion": "half_box",
  "params": {
    "horizon": 3,
    "num_candidates": 10,
    "lambda_cost": 2.0,
    "discount": 0.85,
    "step_size": 0.065,
    "use_spherical_bounds": false,
    "occlusion_bonus": 0.0,
    "trial": 0,
    "seed": 42
  },
  "num_iters": 20,
  "coverages": [
    0.0,
    49.29,
    57.42,
    65.36,
    74.86,
    74.98,
    75.33,
    75.74,
    75.79,
    76.61,
    77.03,
    77.04,
    77.05,
    77.19,
    77.28,
    77.37,
    77.37,
    77.39,
    77.44,
    77.44,
    77.49
  ],
  "f1_scores": [
    0.0,
    0.7527,
    0.8207,
    0.8091,
    0.8459,
    0.8193,
    0.8557,
    0.8438,
    0.8534,
    0.8609,
    0.8421,
    0.8539,
    0.8346,
    0.8196,
    0.8598,
    0.8399,
    0.8551,
    0.8506,
    0.8556,
    0.8572,
    0.8323
  ],
  "recalls": [
    0.0,
    0.6131,
    0.7047,
    0.6952,
    0.7488,
    0.7064,
    0.7649,
    0.7448,
    0.7622,
    0.7665,
    0.7387,
    0.7589,
    0.7289,
    0.7091,
    0.7678,
    0.7423,
    0.7629,
    0.7559,
    0.758,
    0.7594,
    0.7256
  ],
  "precisions": [
    0.0,
    0.9745,
    0.9826,
    0.9676,
    0.9721,
    0.9751,
    0.9708,
    0.9731,
    0.9694,
    0.9819,
    0.9792,
    0.976,
    0.9761,
    0.9708,
    0.9768,
    0.9671,
    0.9726,
    0.9725,
    0.982,
    0.9838,
    0.9757
  ],
  "distances": [
    0.0,
    0.2081,
    0.258,
    0.3387,
    0.3716,
    0.6159,
    0.8077,
    0.8242,
    0.8838,
    1.2147,
    1.2364,
    1.4848,
    1.5312,
    1.5674,
    1.7793,
    1.8416,
    1.8923,
    1.9077,
    2.3314,
    2.3443,
    2.4856
  ],
  "times": [
    0.3,
    461.7,
    900.3,
    1350.5,
    1799.2,
    2252.9,
    2703.6,
    3149.1,
    3594.1,
    4043.9,
    4497.8,
    4953.8,
    5412.1,
    5868.5,
    6315.2,
    6761.9,
    7201.0,
    7649.0,
    8101.9,
    8555.7,
    9004.0
  ],
  "ray_tracing_calls": [
    0,
    30,
    60,
    90,
    120,
    150,
    180,
    210,
    240,
    270,
    300,
    330,
    360,
    390,
    420,
    450,
    480,
    510,
    540,
    570,
    600
  ],
  "final_coverage": 77.49,
  "final_f1": 0.8323,
  "final_distance": 2.4856,
  "total_time": 9004.0,
  "total_ray_calls": 600,
  "visibility_efficiency": 77.5,
  "coverage_auc": 71.84,
  "hausdorff_distance": 0.085212,
  "chamfer_distance": 0.014735,
  "coverage_efficiency": 31.18,
  "stagnation_count": 2,
  "first_detection_iter": 1,
  "views_to_threshold": {
    "views_to_25pct": 1,
    "views_to_50pct": 2,
    "views_to_75pct": 6
  },
  "views_to_f1_threshold": 1,
  "coverage_at_key_iters": {
    "0": 0.0,
    "3": 65.36,
    "6": 75.33,
    "9": 76.61,
    "12": 77.05
  },
  "sigma_series": [
    0.0,
    0.0502406544983387,
    0.046690311282873154,
    0.05340082198381424,
    0.053553517907857895,
    0.0550055131316185,
    0.048014722764492035,
    0.05032080411911011,
    0.047863490879535675,
    0.052677057683467865,
    0.052352916449308395,
    0.05164310336112976,
    0.048657096922397614,
    0.05424739047884941,
    0.04929843917489052,
    0.04522337019443512,
    0.04814410209655762,
    0.04820076376199722,
    0.05204321816563606,
    0.05314028263092041,
    0.05585048347711563
  ],
  "occluded_recall_series": [
    0.0,
    0.0,
    0.08011295132939908,
    0.09534234405736404,
    0.1423948220064725,
    0.15223047147661653,
    0.16425534615140555,
    0.13915857605177995,
    0.13871438543054762,
    0.1736150770988007,
    0.17332952598515133,
    0.17428136303064914,
    0.1765657719398439,
    0.16111428390126278,
    0.16780887112126405,
    0.18180087569008185,
    0.17875499714448886,
    0.1745986420458151,
    0.19801383336506123,
    0.23120121835141824,
    0.20362967193349832
  ],
  "tp_series": [
    0,
    2067,
    2929,
    2598,
    3026,
    2779,
    2362,
    3007,
    2629,
    4491,
    3911,
    3374,
    3262,
    2790,
    3529,
    2555,
    3089,
    3071,
    4751,
    5273,
    3016
  ],
  "fp_series": [
    0,
    54,
    52,
    87,
    87,
    71,
    71,
    83,
    83,
    83,
    83,
    83,
    80,
    84,
    84,
    87,
    87,
    87,
    87,
    87,
    75
  ],
  "fn_series": [
    0,
    7045,
    5378,
    5550,
    4575,
    5347,
    4281,
    4648,
    4330,
    4253,
    4759,
    4391,
    4937,
    5297,
    4228,
    4693,
    4318,
    4445,
    4407,
    4381,
    4997
  ]
}