{
  "method": "GradientNBV",
  "occlusion": "none",
  "params": {
    "planner": "GradientNBV",
    "lr": 0.03,
    "trial": 4
  },
  "num_iters": 5,
  "coverages": [
    0.0,
    53.38,
    62.21,
    64.14,
    64.8,
    65.12
  ],
  "f1_scores": [
    0.0,
    0.7654,
    0.7923,
    0.7855,
    0.7874,
    0.778
  ],
  "recalls": [
    0.0,
    0.6225,
    0.658,
    0.6487,
    0.6511,
    0.6385
  ],
  "precisions": [
    0.0,
    0.9933,
    0.9954,
    0.9956,
    0.996,
    0.9958
  ],
  "distances": [
    0.0,
    0.0519,
    0.0771,
    0.1095,
    0.1363,
    0.1644
  ],
  "times": [
    0.0,
    34.8,
    73.7,
    111.3,
    149.6,
    187.2
  ],
  "ray_tracing_calls": [
    0,
    1,
    2,
    3,
    4,
    5
  ],
  "final_coverage": 65.12,
  "final_f1": 0.778,
  "final_distance": 0.1644,
  "total_time": 187.2,
  "total_ray_calls": 5,
  "visibility_efficiency": 65.1,
  "coverage_auc": 55.42,
  "hausdorff_distance": 0.088525,
  "chamfer_distance": 0.016309,
  "coverage_efficiency": 396.14,
  "stagnation_count": 0,
  "first_detection_iter": 1,
  "views_to_threshold": {
    "views_to_25pct": 1,
    "views_to_50pct": 1,
    "views_to_75pct": null
  },
  "views_to_f1_threshold": 1,
  "coverage_at_key_iters": {
    "0": 0.0,
    "3": 64.14,
    "6": 65.12,
    "9": 65.12,
    "5": 65.12
  },
  "tp_series": [
    0,
    1916,
    2583,
    2738,
    3012,
    2578
  ],
  "fp_series": [
    0,
    13,
    12,
    12,
    12,
    11
  ],
  "fn_series": [
    0,
    6874,
    6228,
    6398,
    6354,
    6584
  ]
}